file	RefSeq_assembly_accession	species_taxid	organism_name	infraspecific_name	species	genus	family	order	class	phylum	superkingdom
GCF_000769655.1_ASM76965v1_genomic.gbff	GCF_000769655.1	1505907	Thermococcus eurythermalis	strain=A501	Thermococcus eurythermalis	Thermococcus	Thermococcaceae	Thermococcales	Thermococci	Euryarchaeota	Archaea
GCF_002813655.1_ASM281365v1_genomic.gbff	GCF_002813655.1	59277	Methanobacterium subterraneum	strain=MO-MB1	Methanobacterium subterraneum	Methanobacterium	Methanobacteriaceae	Methanobacteriales	Methanobacteria	Euryarchaeota	Archaea
GCF_900095295.1_MCBB_genomic.gbff	GCF_900095295.1	118062	Methanobacterium congolense		Methanobacterium congolense	Methanobacterium	Methanobacteriaceae	Methanobacteriales	Methanobacteria	Euryarchaeota	Archaea
GCF_001971705.1_ASM197170v1_genomic.gbff	GCF_001971705.1	588898	Haloterrigena daqingensis	strain=JX313	Haloterrigena daqingensis	Haloterrigena	Natrialbaceae	Natrialbales	Halobacteria	Euryarchaeota	Archaea
GCF_011602445.1_ASM1160244v1_genomic.gbff	GCF_011602445.1	2716717	Haloarcula sp. JP-L23	strain=JP-L23	Haloarcula sp. JP-L23	Haloarcula	Haloarculaceae	Halobacteriales	Halobacteria	Euryarchaeota	Archaea
GCF_004799645.1_ASM479964v1_genomic.gbff	GCF_004799645.1	61858	Natronorubrum bangense	strain=JCM 10635	Natronorubrum bangense	Natronorubrum	Natrialbaceae	Natrialbales	Halobacteria	Euryarchaeota	Archaea
GCF_009729035.1_ASM972903v1_genomic.gbff	GCF_009729035.1	41675	Stygiolobus azoricus	strain=FC6	Stygiolobus azoricus	Stygiolobus	Sulfolobaceae	Sulfolobales	Thermoprotei	Crenarchaeota	Archaea
GCF_002215445.1_ASM221544v1_genomic.gbff	GCF_002215445.1	2285	Sulfolobus acidocaldarius	strain=Y14 20-20	Sulfolobus acidocaldarius	Sulfolobus	Sulfolobaceae	Sulfolobales	Thermoprotei	Crenarchaeota	Archaea
GCF_002215485.1_ASM221548v1_genomic.gbff	GCF_002215485.1	2285	Sulfolobus acidocaldarius	strain=Y14 16-22	Sulfolobus acidocaldarius	Sulfolobus	Sulfolobaceae	Sulfolobales	Thermoprotei	Crenarchaeota	Archaea
GCF_002215525.1_ASM221552v1_genomic.gbff	GCF_002215525.1	2285	Sulfolobus acidocaldarius	strain=Y14 13-1	Sulfolobus acidocaldarius	Sulfolobus	Sulfolobaceae	Sulfolobales	Thermoprotei	Crenarchaeota	Archaea
GCF_002215565.1_ASM221556v1_genomic.gbff	GCF_002215565.1	2285	Sulfolobus acidocaldarius	strain=DG1	Sulfolobus acidocaldarius	Sulfolobus	Sulfolobaceae	Sulfolobales	Thermoprotei	Crenarchaeota	Archaea
GCF_002355635.1_ASM235563v1_genomic.gbff	GCF_002355635.1	1048396	Halopenitus persicus	strain=CBA1233	Halopenitus persicus	Halopenitus	Halorubraceae	Haloferacales	Halobacteria	Euryarchaeota	Archaea
GCF_000968395.2_ASM96839v2_genomic.gbff	GCF_000968395.2	2287	Saccharolobus solfataricus	strain=SARC-C	Saccharolobus solfataricus	Saccharolobus	Sulfolobaceae	Sulfolobales	Thermoprotei	Crenarchaeota	Archaea
GCF_000968435.2_ASM96843v2_genomic.gbff	GCF_000968435.2	2287	Saccharolobus solfataricus	strain=SULA	Saccharolobus solfataricus	Saccharolobus	Sulfolobaceae	Sulfolobales	Thermoprotei	Crenarchaeota	Archaea
GCF_000969885.1_ASM96988v1_genomic.gbff	GCF_000969885.1	2210	Methanosarcina thermophila TM-1	strain=TM-1	Methanosarcina thermophila	Methanosarcina	Methanosarcinaceae	Methanosarcinales	Methanomicrobia	Euryarchaeota	Archaea
GCF_003852115.1_ASM385211v1_genomic.gbff	GCF_003852115.1	2287	Saccharolobus solfataricus	strain=SUL120	Saccharolobus solfataricus	Saccharolobus	Sulfolobaceae	Sulfolobales	Thermoprotei	Crenarchaeota	Archaea
GCF_003852135.1_ASM385213v1_genomic.gbff	GCF_003852135.1	2287	Saccharolobus solfataricus	strain=SULG	Saccharolobus solfataricus	Saccharolobus	Sulfolobaceae	Sulfolobales	Thermoprotei	Crenarchaeota	Archaea
GCF_003852155.1_ASM385215v1_genomic.gbff	GCF_003852155.1	2287	Saccharolobus solfataricus	strain=SULM	Saccharolobus solfataricus	Saccharolobus	Sulfolobaceae	Sulfolobales	Thermoprotei	Crenarchaeota	Archaea
GCF_003852175.1_ASM385217v1_genomic.gbff	GCF_003852175.1	2287	Saccharolobus solfataricus	strain=SARC-N	Saccharolobus solfataricus	Saccharolobus	Sulfolobaceae	Sulfolobales	Thermoprotei	Crenarchaeota	Archaea
GCF_003852195.1_ASM385219v1_genomic.gbff	GCF_003852195.1	2287	Saccharolobus solfataricus	strain=SARC-H	Saccharolobus solfataricus	Saccharolobus	Sulfolobaceae	Sulfolobales	Thermoprotei	Crenarchaeota	Archaea
GCF_003852215.1_ASM385221v1_genomic.gbff	GCF_003852215.1	2287	Saccharolobus solfataricus	strain=SARC-I	Saccharolobus solfataricus	Saccharolobus	Sulfolobaceae	Sulfolobales	Thermoprotei	Crenarchaeota	Archaea
GCF_003856835.1_ASM385683v1_genomic.gbff	GCF_003856835.1	660522	Haloplanus aerogenes	strain=JCM 16430	Haloplanus aerogenes	Haloplanus	Haloferacaceae	Haloferacales	Halobacteria	Euryarchaeota	Archaea
GCF_900083515.1_ASM90008351v1_genomic.gbff	GCF_900083515.1	1673428	Cuniculiplasma divulgatum	strain=S5(T) (=JCM 30642; =VKM B-2941)	Cuniculiplasma divulgatum	Cuniculiplasma	Cuniculiplasmataceae	Thermoplasmatales	Thermoplasmata	Candidatus Thermoplasmatota	Archaea
GCF_902387285.1_UHGG_MGYG-HGUT-02456_genomic.gbff	GCF_902387285.1	1291540	Candidatus Methanomethylophilus alvus		Candidatus Methanomethylophilus alvus	Candidatus Methanomethylophilus	Candidatus Methanomethylophilaceae	Methanomassiliicoccales	Thermoplasmata	Candidatus Thermoplasmatota	Archaea
GCF_002787055.1_ASM278705v1_genomic.gbff	GCF_002787055.1	1846278	Candidatus Nitrosotenuis aquarius	strain=AQ6F	Candidatus Nitrosotenuis aquarius	Candidatus Nitrosotenuis				Thaumarchaeota	Archaea
GCF_001266655.1_ASM126665v1_genomic.gbff	GCF_001266655.1	43687	Metallosphaera sedula	strain=ARS50-1	Metallosphaera sedula	Metallosphaera	Sulfolobaceae	Sulfolobales	Thermoprotei	Crenarchaeota	Archaea
GCF_016065055.1_ASM1606505v1_genomic.gbff	GCF_016065055.1	1198301	Halosimplex litoreum	strain=YGH94	Halosimplex litoreum	Halosimplex	Haloarculaceae	Halobacteriales	Halobacteria	Euryarchaeota	Archaea
GCF_002952775.1_ASM295277v1_genomic.gbff	GCF_002952775.1	2055893	Halalkaliarchaeum desulfuricum	strain=AArc-Sl	Halalkaliarchaeum desulfuricum	Halalkaliarchaeum		Haloferacales	Halobacteria	Euryarchaeota	Archaea
GCF_003201675.2_ASM320167v2_genomic.gbff	GCF_003201675.2	79601	Metallosphaera hakonensis JCM 8857 = DSM 7519	strain=HO1-1	Metallosphaera hakonensis	Metallosphaera	Sulfolobaceae	Sulfolobales	Thermoprotei	Crenarchaeota	Archaea
GCF_003268005.1_ASM326800v1_genomic.gbff	GCF_003268005.1	1789762	Methanosphaera sp. BMS	strain=BMS	Methanosphaera sp. BMS	Methanosphaera	Methanobacteriaceae	Methanobacteriales	Methanobacteria	Euryarchaeota	Archaea
GCF_009729055.1_ASM972905v1_genomic.gbff	GCF_009729055.1	69656	Sulfurisphaera ohwakuensis	strain=TA-1	Sulfurisphaera ohwakuensis	Sulfurisphaera	Sulfolobaceae	Sulfolobales	Thermoprotei	Crenarchaeota	Archaea
GCF_001266675.1_ASM126667v1_genomic.gbff	GCF_001266675.1	43687	Metallosphaera sedula	strain=ARS50-2	Metallosphaera sedula	Metallosphaera	Sulfolobaceae	Sulfolobales	Thermoprotei	Crenarchaeota	Archaea
GCF_001266695.1_ASM126669v1_genomic.gbff	GCF_001266695.1	43687	Metallosphaera sedula	strain=ARS120-1	Metallosphaera sedula	Metallosphaera	Sulfolobaceae	Sulfolobales	Thermoprotei	Crenarchaeota	Archaea
GCF_001266715.1_ASM126671v1_genomic.gbff	GCF_001266715.1	43687	Metallosphaera sedula	strain=ARS120-2	Metallosphaera sedula	Metallosphaera	Sulfolobaceae	Sulfolobales	Thermoprotei	Crenarchaeota	Archaea
GCF_001266735.1_ASM126673v1_genomic.gbff	GCF_001266735.1	43687	Metallosphaera sedula	strain=SARC-M1	Metallosphaera sedula	Metallosphaera	Sulfolobaceae	Sulfolobales	Thermoprotei	Crenarchaeota	Archaea
GCF_001304615.2_ASM130461v2_genomic.gbff	GCF_001304615.2	1715806	Methanosarcina flavescens	strain=E03.2	Methanosarcina flavescens	Methanosarcina	Methanosarcinaceae	Methanosarcinales	Methanomicrobia	Euryarchaeota	Archaea
GCF_005310945.1_ASM531094v1_genomic.gbff	GCF_005310945.1	2238	Haloarcula marismortui ATCC 43049	strain=ATCC 43049	Haloarcula marismortui	Haloarcula	Haloarculaceae	Halobacteriales	Halobacteria	Euryarchaeota	Archaea
GCF_002214605.1_ASM221460v1_genomic.gbff	GCF_002214605.1	54262	Thermococcus chitonophagus	strain=GC74	Thermococcus chitonophagus	Thermococcus	Thermococcaceae	Thermococcales	Thermococci	Euryarchaeota	Archaea
GCF_001647085.1_ASM164708v1_genomic.gbff	GCF_001647085.1	1712654	Thermococcus piezophilus	strain=CDGS	Thermococcus piezophilus	Thermococcus	Thermococcaceae	Thermococcales	Thermococci	Euryarchaeota	Archaea
GCF_002214485.1_ASM221448v1_genomic.gbff	GCF_002214485.1	71998	Thermococcus pacificus	strain=P-4	Thermococcus pacificus	Thermococcus	Thermococcaceae	Thermococcales	Thermococci	Euryarchaeota	Archaea
GCF_014969745.1_ASM1496974v1_genomic.gbff	GCF_014969745.1	35746	Haloferax gibbonsii	strain=LR2-5	Haloferax gibbonsii	Haloferax	Haloferacaceae	Haloferacales	Halobacteria	Euryarchaeota	Archaea
GCF_002215405.1_ASM221540v1_genomic.gbff	GCF_002215405.1	2285	Sulfolobus acidocaldarius	strain=Y14 18-5	Sulfolobus acidocaldarius	Sulfolobus	Sulfolobaceae	Sulfolobales	Thermoprotei	Crenarchaeota	Archaea
GCF_900036045.1_Methanoculleus_sp_MAB1_genomic.gbff	GCF_900036045.1	83986	Methanoculleus bourgensis		Methanoculleus bourgensis	Methanoculleus	Methanomicrobiaceae	Methanomicrobiales	Methanomicrobia	Euryarchaeota	Archaea
GCF_001458655.1_Mb9_genomic.gbff	GCF_001458655.1	2162	Methanobacterium formicicum		Methanobacterium formicicum	Methanobacterium	Methanobacteriaceae	Methanobacteriales	Methanobacteria	Euryarchaeota	Archaea
GCF_005155585.1_ASM515558v1_genomic.gbff	GCF_005155585.1	2572921	Haloprofundus sp. MHR1	strain=MHR1	Haloprofundus sp. MHR1	Haloprofundus	Haloferacaceae	Haloferacales	Halobacteria	Euryarchaeota	Archaea
GCF_002813675.1_ASM281367v1_genomic.gbff	GCF_002813675.1	1911685	Methanobacterium sp. MZ-A1	strain=MZ-A1	Methanobacterium sp. MZ-A1	Methanobacterium	Methanobacteriaceae	Methanobacteriales	Methanobacteria	Euryarchaeota	Archaea
GCF_002844335.1_ASM284433v1_genomic.gbff	GCF_002844335.1	1932004	Haloarcula taiwanensis	strain=Taiwanensis	Haloarcula taiwanensis	Haloarcula	Haloarculaceae	Halobacteriales	Halobacteria	Euryarchaeota	Archaea
GCF_010692905.1_ASM1069290v1_genomic.gbff	GCF_010692905.1	114529	Haloferax alexandrinus	strain=wsp1	Haloferax alexandrinus	Haloferax	Haloferacaceae	Haloferacales	Halobacteria	Euryarchaeota	Archaea
GCF_012222305.1_ASM1222230v1_genomic.gbff	GCF_012222305.1	2512240	Sulfolobus sp. S-194	strain=S-194	Sulfolobus sp. S-194	Sulfolobus	Sulfolobaceae	Sulfolobales	Thermoprotei	Crenarchaeota	Archaea
GCF_004799665.1_ASM479966v1_genomic.gbff	GCF_004799665.1	1457250	Halapricum salinum	strain=CBA1105	Halapricum salinum	Halapricum	Haloarculaceae	Halobacteriales	Halobacteria	Euryarchaeota	Archaea
GCF_000007005.1_ASM700v1_genomic.gbff	GCF_000007005.1	2287	Saccharolobus solfataricus P2	strain=P2	Saccharolobus solfataricus	Saccharolobus	Sulfolobaceae	Sulfolobales	Thermoprotei	Crenarchaeota	Archaea
GCF_000011005.1_ASM1100v1_genomic.gbff	GCF_000011005.1	570267	Methanocella paludicola SANAE	strain=SANAE	Methanocella paludicola	Methanocella	Methanocellaceae	Methanocellales	Methanomicrobia	Euryarchaeota	Archaea
GCF_006274605.1_ASM627460v1_genomic.gbff	GCF_006274605.1	2586643	Thermococcus indicus	strain=IOH1	Thermococcus indicus	Thermococcus	Thermococcaceae	Thermococcales	Thermococci	Euryarchaeota	Archaea
GCF_009762275.1_ASM976227v1_genomic.gbff	GCF_009762275.1	1816183	Haloplanus rallus	strain=MBLA0036	Haloplanus rallus	Haloplanus	Haloferacaceae	Haloferacales	Halobacteria	Euryarchaeota	Archaea
GCF_000011125.1_ASM1112v1_genomic.gbff	GCF_000011125.1	56636	Aeropyrum pernix K1	strain=K1	Aeropyrum pernix	Aeropyrum	Desulfurococcaceae	Desulfurococcales	Thermoprotei	Crenarchaeota	Archaea
GCF_002214465.1_ASM221446v1_genomic.gbff	GCF_002214465.1	54077	Thermococcus barossii	strain=SHCK-94	Thermococcus barossii	Thermococcus	Thermococcaceae	Thermococcales	Thermococci	Euryarchaeota	Archaea
GCF_002214505.1_ASM221450v1_genomic.gbff	GCF_002214505.1	72803	Thermococcus siculi	strain=RG-20	Thermococcus siculi	Thermococcus	Thermococcaceae	Thermococcales	Thermococci	Euryarchaeota	Archaea
GCF_002214525.1_ASM221452v1_genomic.gbff	GCF_002214525.1	122420	Thermococcus sp. P6	strain=P6	Thermococcus sp. P6	Thermococcus	Thermococcaceae	Thermococcales	Thermococci	Euryarchaeota	Archaea
GCF_002116695.1_ASM211669v1_genomic.gbff	GCF_002116695.1	282676	Acidianus manzaensis	strain=YN-25	Acidianus manzaensis	Acidianus	Sulfolobaceae	Sulfolobales	Thermoprotei	Crenarchaeota	Archaea
GCF_000147875.1_ASM14787v1_genomic.gbff	GCF_000147875.1	54120	Methanolacinia petrolearia DSM 11571		Methanolacinia petrolearia	Methanolacinia	Methanomicrobiaceae	Methanomicrobiales	Methanomicrobia	Euryarchaeota	Archaea
GCF_900079115.1_SSOP1_genomic.gbff	GCF_900079115.1	2287	Saccharolobus solfataricus	strain=P1	Saccharolobus solfataricus	Saccharolobus	Sulfolobaceae	Sulfolobales	Thermoprotei	Crenarchaeota	Archaea
GCF_005890195.1_ASM589019v1_genomic.gbff	GCF_005890195.1	69527	Natrinema pallidum	strain=BOL6-1	Natrinema pallidum	Natrinema	Natrialbaceae	Natrialbales	Halobacteria	Euryarchaeota	Archaea
GCF_001011115.1_ASM101111v1_genomic.gbff	GCF_001011115.1	1604004	Halanaeroarchaeum sulfurireducens	strain=HSR2	Halanaeroarchaeum sulfurireducens	Halanaeroarchaeum	Halobacteriaceae	Halobacteriales	Halobacteria	Euryarchaeota	Archaea
GCF_010706455.1_ASM1070645v1_genomic.gbff	GCF_010706455.1	2209	Methanosarcina mazei	strain=zm-15	Methanosarcina mazei	Methanosarcina	Methanosarcinaceae	Methanosarcinales	Methanomicrobia	Euryarchaeota	Archaea
GCF_902813195.1_Essen_genomic.gbff	GCF_902813195.1	1674923	Thermococcus sp. 2319x1	strain=Essen	Thermococcus sp. 2319x1	Thermococcus	Thermococcaceae	Thermococcales	Thermococci	Euryarchaeota	Archaea
GCF_002214545.1_ASM221454v1_genomic.gbff	GCF_002214545.1	277988	Thermococcus thioreducens	strain=OGL-20P	Thermococcus thioreducens	Thermococcus	Thermococcaceae	Thermococcales	Thermococci	Euryarchaeota	Archaea
GCF_000275605.1_ASM27560v1_genomic.gbff	GCF_000275605.1	2261	Pyrococcus furiosus COM1	strain=COM1	Pyrococcus furiosus	Pyrococcus	Thermococcaceae	Thermococcales	Thermococci	Euryarchaeota	Archaea
GCF_000007305.1_ASM730v1_genomic.gbff	GCF_000007305.1	2261	Pyrococcus furiosus DSM 3638	strain=DSM 3638	Pyrococcus furiosus	Pyrococcus	Thermococcaceae	Thermococcales	Thermococci	Euryarchaeota	Archaea
GCF_000007345.1_ASM734v1_genomic.gbff	GCF_000007345.1	2214	Methanosarcina acetivorans C2A	strain=C2A	Methanosarcina acetivorans	Methanosarcina	Methanosarcinaceae	Methanosarcinales	Methanomicrobia	Euryarchaeota	Archaea
GCF_008326385.1_SulIC007_1.0_genomic.gbff	GCF_008326385.1	1294262	Sulfuracidifex tepidarius	strain=IC-007	Sulfuracidifex tepidarius	Sulfuracidifex	Sulfolobaceae	Sulfolobales	Thermoprotei	Crenarchaeota	Archaea
GCF_000008665.1_ASM866v1_genomic.gbff	GCF_000008665.1	2234	Archaeoglobus fulgidus DSM 4304	strain=DSM 4304	Archaeoglobus fulgidus	Archaeoglobus	Archaeoglobaceae	Archaeoglobales	Archaeoglobi	Euryarchaeota	Archaea
GCF_002214585.1_ASM221458v1_genomic.gbff	GCF_002214585.1	49899	Thermococcus profundus	strain=DT 5432	Thermococcus profundus	Thermococcus	Thermococcaceae	Thermococcales	Thermococci	Euryarchaeota	Archaea
GCF_000008265.1_ASM826v1_genomic.gbff	GCF_000008265.1	82076	Picrophilus torridus DSM 9790	strain=DSM 9790	Picrophilus torridus	Picrophilus	Picrophilaceae	Thermoplasmatales	Thermoplasmata	Candidatus Thermoplasmatota	Archaea
GCF_000007225.1_ASM722v1_genomic.gbff	GCF_000007225.1	13773	Pyrobaculum aerophilum str. IM2	strain=IM2	Pyrobaculum aerophilum	Pyrobaculum	Thermoproteaceae	Thermoproteales	Thermoprotei	Crenarchaeota	Archaea
GCF_000007185.1_ASM718v1_genomic.gbff	GCF_000007185.1	2320	Methanopyrus kandleri AV19	strain=AV19	Methanopyrus kandleri	Methanopyrus	Methanopyraceae	Methanopyrales	Methanopyri	Euryarchaeota	Archaea
GCF_000591035.1_ASM59103v1_genomic.gbff	GCF_000591035.1	229980	Aeropyrum camini SY1 = JCM 12091	strain=SY1	Aeropyrum camini	Aeropyrum	Desulfurococcaceae	Desulfurococcales	Thermoprotei	Crenarchaeota	Archaea
GCF_000970225.1_ASM97022v1_genomic.gbff	GCF_000970225.1	2209	Methanosarcina mazei LYC	strain=LYC	Methanosarcina mazei	Methanosarcina	Methanosarcinaceae	Methanosarcinales	Methanomicrobia	Euryarchaeota	Archaea
GCF_000009185.1_ASM918v1_genomic.gbff	GCF_000009185.1	293091	Haloquadratum walsbyi DSM 16790	strain=DSM 16790 = HBSQ001	Haloquadratum walsbyi	Haloquadratum	Haloferacaceae	Haloferacales	Halobacteria	Euryarchaeota	Archaea
GCF_000404225.1_ASM40422v1_genomic.gbff	GCF_000404225.1	1406512	Candidatus Methanomassiliicoccus intestinalis Issoire-Mx1	strain=Issoire-Mx1	Candidatus Methanomassiliicoccus intestinalis	Methanomassiliicoccus	Methanomassiliicoccaceae	Methanomassiliicoccales	Thermoplasmata	Candidatus Thermoplasmatota	Archaea
GCF_001481685.1_ASM148168v1_genomic.gbff	GCF_001481685.1	54259	Ignicoccus islandicus DSM 13165	strain=DSM 13165	Ignicoccus islandicus	Ignicoccus	Desulfurococcaceae	Desulfurococcales	Thermoprotei	Crenarchaeota	Archaea
GCF_000092185.1_ASM9218v1_genomic.gbff	GCF_000092185.1	54254	Thermosphaera aggregans DSM 11486	strain=DSM 11486	Thermosphaera aggregans	Thermosphaera	Desulfurococcaceae	Desulfurococcales	Thermoprotei	Crenarchaeota	Archaea
GCF_000152265.2_ASM15226v2_genomic.gbff	GCF_000152265.2	97393	Ferroplasma acidarmanus fer1	strain=fer1	Ferroplasma acidarmanus	Ferroplasma	Ferroplasmaceae	Thermoplasmatales	Thermoplasmata	Candidatus Thermoplasmatota	Archaea
GCF_000014945.1_ASM1494v1_genomic.gbff	GCF_000014945.1	2224	Methanothrix thermoacetophila PT	strain=PT	Methanothrix thermoacetophila	Methanothrix	Methanotrichaceae	Methanosarcinales	Methanomicrobia	Euryarchaeota	Archaea
GCF_000008645.1_ASM864v1_genomic.gbff	GCF_000008645.1	145262	Methanothermobacter thermautotrophicus str. Delta H	strain=Delta H	Methanothermobacter thermautotrophicus	Methanothermobacter	Methanobacteriaceae	Methanobacteriales	Methanobacteria	Euryarchaeota	Archaea
GCF_000012285.1_ASM1228v1_genomic.gbff	GCF_000012285.1	2285	Sulfolobus acidocaldarius DSM 639	strain=DSM 639	Sulfolobus acidocaldarius	Sulfolobus	Sulfolobaceae	Sulfolobales	Thermoprotei	Crenarchaeota	Archaea
GCF_000698785.1_ASM69878v1_genomic.gbff	GCF_000698785.1	1034015	Nitrososphaera viennensis EN76	strain=EN76	Nitrososphaera viennensis	Nitrososphaera	Nitrososphaeraceae	Nitrososphaerales	Nitrososphaeria	Thaumarchaeota	Archaea
GCF_000195915.1_ASM19591v1_genomic.gbff	GCF_000195915.1	2303	Thermoplasma acidophilum DSM 1728	strain=DSM 1728	Thermoplasma acidophilum	Thermoplasma	Thermoplasmataceae	Thermoplasmatales	Thermoplasmata	Candidatus Thermoplasmatota	Archaea
GCF_000011185.1_ASM1118v1_genomic.gbff	GCF_000011185.1	50339	Thermoplasma volcanium GSS1	strain=GSS1	Thermoplasma volcanium	Thermoplasma	Thermoplasmataceae	Thermoplasmatales	Thermoplasmata	Candidatus Thermoplasmatota	Archaea
GCF_000011105.1_ASM1110v1_genomic.gbff	GCF_000011105.1	53953	Pyrococcus horikoshii OT3	strain=OT3	Pyrococcus horikoshii	Pyrococcus	Thermococcaceae	Thermococcales	Thermococci	Euryarchaeota	Archaea
GCF_005406325.1_ASM540632v1_genomic.gbff	GCF_005406325.1	2252	Haloferax mediterranei ATCC 33500	strain=ATCC 33500	Haloferax mediterranei	Haloferax	Haloferacaceae	Haloferacales	Halobacteria	Euryarchaeota	Archaea
GCF_000196655.1_ASM19665v1_genomic.gbff	GCF_000196655.1	2322	Methanohalobium evestigatum Z-7303	strain=Z-7303	Methanohalobium evestigatum	Methanohalobium	Methanosarcinaceae	Methanosarcinales	Methanomicrobia	Euryarchaeota	Archaea
GCF_000007065.1_ASM706v1_genomic.gbff	GCF_000007065.1	2209	Methanosarcina mazei Go1	strain=Go1	Methanosarcina mazei	Methanosarcina	Methanosarcinaceae	Methanosarcinales	Methanomicrobia	Euryarchaeota	Archaea
GCF_000011585.1_ASM1158v1_genomic.gbff	GCF_000011585.1	39152	Methanococcus maripaludis S2	strain=S2	Methanococcus maripaludis	Methanococcus	Methanococcaceae	Methanococcales	Methanococci	Euryarchaeota	Archaea
GCF_000195935.2_ASM19593v2_genomic.gbff	GCF_000195935.2	29292	Pyrococcus abyssi GE5	strain=Orsay	Pyrococcus abyssi	Pyrococcus	Thermococcaceae	Thermococcales	Thermococci	Euryarchaeota	Archaea
GCF_000011205.1_ASM1120v1_genomic.gbff	GCF_000011205.1	111955	Sulfurisphaera tokodaii str. 7	strain=7	Sulfurisphaera tokodaii	Sulfurisphaera	Sulfolobaceae	Sulfolobales	Thermoprotei	Crenarchaeota	Archaea
GCF_002214565.1_ASM221456v1_genomic.gbff	GCF_002214565.1	187880	Thermococcus radiotolerans	strain=EJ2	Thermococcus radiotolerans	Thermococcus	Thermococcaceae	Thermococcales	Thermococci	Euryarchaeota	Archaea
GCF_002156705.1_ASM215670v1_genomic.gbff	GCF_002156705.1	745377	Natrarchaeobaculum aegyptiacum	strain=JW/NM-HA 15	Natrarchaeobaculum aegyptiacum	Natrarchaeobaculum	Natrialbaceae	Natrialbales	Halobacteria	Euryarchaeota	Archaea
GCF_001577775.1_ASM157777v1_genomic.gbff	GCF_001577775.1	1609559	Pyrococcus kukulkanii	strain=NCB100	Pyrococcus kukulkanii	Pyrococcus	Thermococcaceae	Thermococcales	Thermococci	Euryarchaeota	Archaea
GCF_000011085.1_ASM1108v1_genomic.gbff	GCF_000011085.1	2238	Haloarcula marismortui ATCC 43049	strain=ATCC 43049	Haloarcula marismortui	Haloarcula	Haloarculaceae	Halobacteriales	Halobacteria	Euryarchaeota	Archaea
GCF_000025865.1_ASM2586v1_genomic.gbff	GCF_000025865.1	2176	Methanohalophilus mahii DSM 5219	strain=DSM 5219	Methanohalophilus mahii	Methanohalophilus	Methanosarcinaceae	Methanosarcinales	Methanomicrobia	Euryarchaeota	Archaea
GCF_000013725.1_ASM1372v1_genomic.gbff	GCF_000013725.1	29291	Methanococcoides burtonii DSM 6242	strain=DSM 6242	Methanococcoides burtonii	Methanococcoides	Methanosarcinaceae	Methanosarcinales	Methanomicrobia	Euryarchaeota	Archaea
GCF_000012545.1_ASM1254v1_genomic.gbff	GCF_000012545.1	2317	Methanosphaera stadtmanae DSM 3091	strain=DSM 3091	Methanosphaera stadtmanae	Methanosphaera	Methanobacteriaceae	Methanobacteriales	Methanobacteria	Euryarchaeota	Archaea
GCF_000166095.1_ASM16609v1_genomic.gbff	GCF_000166095.1	2180	Methanothermus fervidus DSM 2088	strain=DSM 2088	Methanothermus fervidus	Methanothermus	Methanothermaceae	Methanobacteriales	Methanobacteria	Euryarchaeota	Archaea
GCF_004799605.1_ASM479960v1_genomic.gbff	GCF_004799605.1	2242	Halobacterium salinarum	strain=91-R6	Halobacterium salinarum	Halobacterium	Halobacteriaceae	Halobacteriales	Halobacteria	Euryarchaeota	Archaea
GCF_000013445.1_ASM1344v1_genomic.gbff	GCF_000013445.1	2203	Methanospirillum hungatei JF-1	strain=JF-1	Methanospirillum hungatei	Methanospirillum	Methanospirillaceae	Methanomicrobiales	Methanomicrobia	Euryarchaeota	Archaea
GCF_000016525.1_ASM1652v1_genomic.gbff	GCF_000016525.1	2173	Methanobrevibacter smithii ATCC 35061	strain=ATCC 35061; PS; DSMZ 861	Methanobrevibacter smithii	Methanobrevibacter	Methanobacteriaceae	Methanobacteriales	Methanobacteria	Euryarchaeota	Archaea
GCF_000213215.1_ASM21321v1_genomic.gbff	GCF_000213215.1	563177	Acidianus hospitalis W1	strain=W1	Acidianus hospitalis	Acidianus	Sulfolobaceae	Sulfolobales	Thermoprotei	Crenarchaeota	Archaea
GCF_000063445.1_ASM6344v1_genomic.gbff	GCF_000063445.1	1175445	Methanocella arvoryzae MRE50	strain=MRE50	Methanocella arvoryzae	Methanocella	Methanocellaceae	Methanocellales	Methanomicrobia	Euryarchaeota	Archaea
GCF_009601705.1_ASM960170v1_genomic.gbff	GCF_009601705.1	2663019	Sulfolobus sp. E5-1-F	strain=E5-1-F	Sulfolobus sp. E5-1-F	Sulfolobus	Sulfolobaceae	Sulfolobales	Thermoprotei	Crenarchaeota	Archaea
GCF_000015145.1_ASM1514v1_genomic.gbff	GCF_000015145.1	54248	Hyperthermus butylicus DSM 5456	strain=DSM 5456	Hyperthermus butylicus	Hyperthermus	Pyrodictiaceae	Desulfurococcales	Thermoprotei	Crenarchaeota	Archaea
GCF_000069025.1_ASM6902v1_genomic.gbff	GCF_000069025.1	2242	Halobacterium salinarum R1	strain=DSM 671 = R1	Halobacterium salinarum	Halobacterium	Halobacteriaceae	Halobacteriales	Halobacteria	Euryarchaeota	Archaea
GCF_000230715.2_ASM23071v3_genomic.gbff	GCF_000230715.2	44930	Natronobacterium gregoryi SP2	strain=SP2	Natronobacterium gregoryi	Natronobacterium	Natrialbaceae	Natrialbales	Halobacteria	Euryarchaeota	Archaea
GCF_000009965.1_ASM996v1_genomic.gbff	GCF_000009965.1	311400	Thermococcus kodakarensis KOD1	strain=KOD1	Thermococcus kodakarensis	Thermococcus	Thermococcaceae	Thermococcales	Thermococci	Euryarchaeota	Archaea
GCF_000015945.1_ASM1594v1_genomic.gbff	GCF_000015945.1	2280	Staphylothermus marinus F1	strain=F1	Staphylothermus marinus	Staphylothermus	Desulfurococcaceae	Desulfurococcales	Thermoprotei	Crenarchaeota	Archaea
GCF_000015765.1_ASM1576v1_genomic.gbff	GCF_000015765.1	83984	Methanocorpusculum labreanum Z	strain=Z	Methanocorpusculum labreanum	Methanocorpusculum	Methanocorpusculaceae	Methanomicrobiales	Methanomicrobia	Euryarchaeota	Archaea
GCF_017352155.1_ASM1735215v1_genomic.gbff	GCF_017352155.1	2816475	Haloterrigena sp. KZCA68	strain=KZCA68	Haloterrigena sp. KZCA68	Haloterrigena	Natrialbaceae	Natrialbales	Halobacteria	Euryarchaeota	Archaea
GCF_000019805.1_ASM1980v1_genomic.gbff	GCF_000019805.1	70771	Pyrobaculum neutrophilum V24Sta	strain=V24Sta	Pyrobaculum neutrophilum	Pyrobaculum	Thermoproteaceae	Thermoproteales	Thermoprotei	Crenarchaeota	Archaea
GCF_000015225.1_ASM1522v1_genomic.gbff	GCF_000015225.1	2269	Thermofilum pendens Hrk 5	strain=Hrk 5	Thermofilum pendens	Thermofilum	Thermofilaceae	Thermoproteales	Thermoprotei	Crenarchaeota	Archaea
GCF_000403645.1_ASM40364v1_genomic.gbff	GCF_000403645.1	1333523	Salinarchaeum sp. Harcht-Bsk1	strain=Harcht-Bsk1	Salinarchaeum sp. Harcht-Bsk1	Salinarchaeum	Natrialbaceae	Natrialbales	Halobacteria	Euryarchaeota	Archaea
GCF_000151205.2_ASM15120v2_genomic.gbff	GCF_000151205.2	246969	Thermococcus sp. AM4	strain=AM4	Thermococcus sp. AM4	Thermococcus	Thermococcaceae	Thermococcales	Thermococci	Euryarchaeota	Archaea
GCF_000018365.1_ASM1836v1_genomic.gbff	GCF_000018365.1	342948	Thermococcus onnurineus NA1	strain=NA1	Thermococcus onnurineus	Thermococcus	Thermococcaceae	Thermococcales	Thermococci	Euryarchaeota	Archaea
GCF_000016125.1_ASM1612v1_genomic.gbff	GCF_000016125.1	39152	Methanococcus maripaludis C5	strain=C5	Methanococcus maripaludis	Methanococcus	Methanococcaceae	Methanococcales	Methanococci	Euryarchaeota	Archaea
GCF_000016385.1_ASM1638v1_genomic.gbff	GCF_000016385.1	121277	Pyrobaculum arsenaticum DSM 13514	strain=DSM 13514	Pyrobaculum arsenaticum	Pyrobaculum	Thermoproteaceae	Thermoproteales	Thermoprotei	Crenarchaeota	Archaea
GCF_000017185.1_ASM1718v1_genomic.gbff	GCF_000017185.1	42879	Methanococcus aeolicus Nankai-3	strain=Nankai-3	Methanococcus aeolicus	Methanococcus	Methanococcaceae	Methanococcales	Methanococci	Euryarchaeota	Archaea
GCF_000299365.1_ASM29936v1_genomic.gbff	GCF_000299365.1	1510466	Candidatus Nitrosopumilus koreensis AR1	strain=AR1	Candidatus Nitrosopumilus koreensis	Nitrosopumilus	Nitrosopumilaceae	Nitrosopumilales		Thaumarchaeota	Archaea
GCF_000015805.1_ASM1580v1_genomic.gbff	GCF_000015805.1	181486	Pyrobaculum calidifontis JCM 11548	strain=JCM 11548	Pyrobaculum calidifontis	Pyrobaculum	Thermoproteaceae	Thermoproteales	Thermoprotei	Crenarchaeota	Archaea
GCF_000015825.1_ASM1582v1_genomic.gbff	GCF_000015825.1	2198	Methanoculleus marisnigri JR1	strain=JR1	Methanoculleus marisnigri	Methanoculleus	Methanomicrobiaceae	Methanomicrobiales	Methanomicrobia	Euryarchaeota	Archaea
GCF_000015205.1_ASM1520v1_genomic.gbff	GCF_000015205.1	2277	Pyrobaculum islandicum DSM 4184	strain=DSM 4184	Pyrobaculum islandicum	Pyrobaculum	Thermoproteaceae	Thermoproteales	Thermoprotei	Crenarchaeota	Archaea
GCF_000022365.1_ASM2236v1_genomic.gbff	GCF_000022365.1	187878	Thermococcus gammatolerans EJ3	strain=EJ3; DSM 15229	Thermococcus gammatolerans	Thermococcus	Thermococcaceae	Thermococcales	Thermococci	Euryarchaeota	Archaea
GCF_000017225.1_ASM1722v1_genomic.gbff	GCF_000017225.1	39152	Methanococcus maripaludis C7	strain=C7	Methanococcus maripaludis	Methanococcus	Methanococcaceae	Methanococcales	Methanococci	Euryarchaeota	Archaea
GCF_000022545.1_ASM2254v1_genomic.gbff	GCF_000022545.1	172049	Thermococcus sibiricus MM 739	strain=MM 739	Thermococcus sibiricus	Thermococcus	Thermococcaceae	Thermococcales	Thermococci	Euryarchaeota	Archaea
GCF_000017165.1_ASM1716v1_genomic.gbff	GCF_000017165.1	2187	Methanococcus vannielii SB	strain=SB	Methanococcus vannielii	Methanococcus	Methanococcaceae	Methanococcales	Methanococci	Euryarchaeota	Archaea
GCF_000022465.1_ASM2246v1_genomic.gbff	GCF_000022465.1	43080	Sulfolobus islandicus Y.G.57.14	strain=Y.G.57.14	Sulfolobus islandicus	Sulfolobus	Sulfolobaceae	Sulfolobales	Thermoprotei	Crenarchaeota	Archaea
GCF_000017625.1_ASM1762v1_genomic.gbff	GCF_000017625.1	358766	Methanoregula boonei 6A8	strain=6A8	Methanoregula boonei	Methanoregula	Methanoregulaceae	Methanomicrobiales	Methanomicrobia	Euryarchaeota	Archaea
GCF_000022425.1_ASM2242v1_genomic.gbff	GCF_000022425.1	43080	Sulfolobus islandicus M.16.27	strain=M.16.27	Sulfolobus islandicus	Sulfolobus	Sulfolobaceae	Sulfolobales	Thermoprotei	Crenarchaeota	Archaea
GCF_000022445.1_ASM2244v1_genomic.gbff	GCF_000022445.1	43080	Sulfolobus islandicus M.16.4	strain=M.16.4	Sulfolobus islandicus	Sulfolobus	Sulfolobaceae	Sulfolobales	Thermoprotei	Crenarchaeota	Archaea
GCF_000022405.1_ASM2240v1_genomic.gbff	GCF_000022405.1	43080	Sulfolobus islandicus M.14.25	strain=M.14.25	Sulfolobus islandicus	Sulfolobus	Sulfolobaceae	Sulfolobales	Thermoprotei	Crenarchaeota	Archaea
GCF_000018485.1_ASM1848v1_genomic.gbff	GCF_000018485.1	39152	Methanococcus maripaludis C6	strain=C6	Methanococcus maripaludis	Methanococcus	Methanococcaceae	Methanococcales	Methanococci	Euryarchaeota	Archaea
GCF_000022485.1_ASM2248v1_genomic.gbff	GCF_000022485.1	43080	Sulfolobus islandicus Y.N.15.51	strain=Y.N.15.51	Sulfolobus islandicus	Sulfolobus	Sulfolobaceae	Sulfolobales	Thermoprotei	Crenarchaeota	Archaea
GCF_000025685.1_ASM2568v1_genomic.gbff	GCF_000025685.1	2246	Haloferax volcanii DS2	strain=DS2	Haloferax volcanii	Haloferax	Haloferacaceae	Haloferacales	Halobacteria	Euryarchaeota	Archaea
GCF_000020905.1_ASM2090v1_genomic.gbff	GCF_000020905.1	94694	Desulfurococcus amylolyticus 1221n	strain=1221n	Desulfurococcus amylolyticus	Desulfurococcus	Desulfurococcaceae	Desulfurococcales	Thermoprotei	Crenarchaeota	Archaea
GCF_000019605.1_ASM1960v1_genomic.gbff	GCF_000019605.1	498846	Candidatus Korarchaeum cryptofilum OPF8		Candidatus Korarchaeum cryptofilum	Candidatus Korarchaeum				Candidatus Korarchaeota	Archaea
GCF_000018305.1_ASM1830v1_genomic.gbff	GCF_000018305.1	76887	Caldivirga maquilingensis IC-167	strain=IC-167	Caldivirga maquilingensis	Caldivirga	Thermoproteaceae	Thermoproteales	Thermoprotei	Crenarchaeota	Archaea
GCF_000006805.1_ASM680v1_genomic.gbff	GCF_000006805.1	2242	Halobacterium salinarum NRC-1	strain=NRC-1; ATCC 700922	Halobacterium salinarum	Halobacterium	Halobacteriaceae	Halobacteriales	Halobacteria	Euryarchaeota	Archaea
GCF_000017945.1_ASM1794v1_genomic.gbff	GCF_000017945.1	160233	Ignicoccus hospitalis KIN4/I	strain=KIN4/I	Ignicoccus hospitalis	Ignicoccus	Desulfurococcaceae	Desulfurococcales	Thermoprotei	Crenarchaeota	Archaea
GCF_000179575.2_ASM17957v2_genomic.gbff	GCF_000179575.2	155863	Methanothermococcus okinawensis IH1	strain=IH1	Methanothermococcus okinawensis	Methanothermococcus	Methanococcaceae	Methanococcales	Methanococci	Euryarchaeota	Archaea
GCF_000091665.1_ASM9166v1_genomic.gbff	GCF_000091665.1	2190	Methanocaldococcus jannaschii DSM 2661	strain=DSM 2661	Methanocaldococcus jannaschii	Methanocaldococcus	Methanocaldococcaceae	Methanococcales	Methanococci	Euryarchaeota	Archaea
GCF_000023985.1_ASM2398v1_genomic.gbff	GCF_000023985.1	83171	Methanocaldococcus fervens AG86	strain=AG86	Methanocaldococcus fervens	Methanocaldococcus	Methanocaldococcaceae	Methanococcales	Methanococci	Euryarchaeota	Archaea
GCF_000021965.1_ASM2196v1_genomic.gbff	GCF_000021965.1	475088	Methanosphaerula palustris E1-9c	strain=E1-9c	Methanosphaerula palustris	Methanosphaerula	Methanoregulaceae	Methanomicrobiales	Methanomicrobia	Euryarchaeota	Archaea
GCF_000023965.1_ASM2396v1_genomic.gbff	GCF_000023965.1	57705	Halomicrobium mukohataei DSM 12286	strain=DSM 12286	Halomicrobium mukohataei	Halomicrobium	Haloarculaceae	Halobacteriales	Halobacteria	Euryarchaeota	Archaea
GCF_000022205.1_ASM2220v1_genomic.gbff	GCF_000022205.1	2247	Halorubrum lacusprofundi ATCC 49239	strain=ATCC 49239	Halorubrum lacusprofundi	Halorubrum	Halorubraceae	Haloferacales	Halobacteria	Euryarchaeota	Archaea
GCF_000317795.1_ASM31779v1_genomic.gbff	GCF_000317795.1	200415	Caldisphaera lagunensis DSM 15908	strain=DSM 15908	Caldisphaera lagunensis	Caldisphaera	Caldisphaeraceae	Acidilobales	Thermoprotei	Crenarchaeota	Archaea
GCF_005576615.1_ASM557661v1_genomic.gbff	GCF_005576615.1	88724	Natrinema versiforme	strain=BOL5-4	Natrinema versiforme	Natrinema	Natrialbaceae	Natrialbales	Halobacteria	Euryarchaeota	Archaea
GCF_000969905.1_ASM96990v1_genomic.gbff	GCF_000969905.1	2215	Methanosarcina vacuolata Z-761	strain=Z-761	Methanosarcina vacuolata	Methanosarcina	Methanosarcinaceae	Methanosarcinales	Methanomicrobia	Euryarchaeota	Archaea
GCF_000172995.2_ASM17299v2_genomic.gbff	GCF_000172995.2	60847	Halogeometricum borinquense DSM 11551	strain=DSM 11551	Halogeometricum borinquense	Halogeometricum	Haloferacaceae	Haloferacales	Halobacteria	Euryarchaeota	Archaea
GCF_000251105.1_ASM25110v1_genomic.gbff	GCF_000251105.1	1175444	Methanocella conradii HZ254	strain=HZ254	Methanocella conradii	Methanocella	Methanocellaceae	Methanocellales	Methanomicrobia	Euryarchaeota	Archaea
GCF_000018465.1_ASM1846v1_genomic.gbff	GCF_000018465.1	338192	Nitrosopumilus maritimus SCM1	strain=SCM1	Nitrosopumilus maritimus	Nitrosopumilus	Nitrosopumilaceae	Nitrosopumilales		Thaumarchaeota	Archaea
GCF_000217715.1_ASM21771v1_genomic.gbff	GCF_000217715.1	387343	Halopiger xanaduensis SH-6	strain=SH-6	Halopiger xanaduensis	Halopiger	Natrialbaceae	Natrialbales	Halobacteria	Euryarchaeota	Archaea
GCF_013391085.1_ASM1339108v1_genomic.gbff	GCF_013391085.1	2747817	Natronomonas halophila	strain=C90	Natronomonas halophila	Natronomonas	Haloarculaceae	Halobacteriales	Halobacteria	Euryarchaeota	Archaea
GCF_000025505.1_ASM2550v1_genomic.gbff	GCF_000025505.1	54261	Ferroglobus placidus DSM 10642	strain=DSM 10642	Ferroglobus placidus	Ferroglobus	Archaeoglobaceae	Archaeoglobales	Archaeoglobi	Euryarchaeota	Archaea
GCF_000026045.1_ASM2604v1_genomic.gbff	GCF_000026045.1	2257	Natronomonas pharaonis DSM 2160	strain=Gabara	Natronomonas pharaonis	Natronomonas	Haloarculaceae	Halobacteriales	Halobacteria	Euryarchaeota	Archaea
GCF_000025665.1_ASM2566v1_genomic.gbff	GCF_000025665.1	379547	Aciduliprofundum boonei T469	strain=T469	Aciduliprofundum boonei	Aciduliprofundum				Candidatus Thermoplasmatota	Archaea
GCF_000025285.1_ASM2528v1_genomic.gbff	GCF_000025285.1	84156	Archaeoglobus profundus DSM 5631	strain=DSM 5631	Archaeoglobus profundus	Archaeoglobus	Archaeoglobaceae	Archaeoglobales	Archaeoglobi	Euryarchaeota	Archaea
GCF_000151105.2_ASM15110v2_genomic.gbff	GCF_000151105.2	55802	Thermococcus barophilus MP	strain=MP	Thermococcus barophilus	Thermococcus	Thermococcaceae	Thermococcales	Thermococci	Euryarchaeota	Archaea
GCF_000025325.1_ASM2532v1_genomic.gbff	GCF_000025325.1	62320	Haloterrigena turkmenica DSM 5511	strain=DSM 5511	Haloterrigena turkmenica	Haloterrigena	Natrialbaceae	Natrialbales	Halobacteria	Euryarchaeota	Archaea
GCF_000092465.1_ASM9246v1_genomic.gbff	GCF_000092465.1	84599	Staphylothermus hellenicus DSM 12710	strain=DSM 12710	Staphylothermus hellenicus	Staphylothermus	Desulfurococcaceae	Desulfurococcales	Thermoprotei	Crenarchaeota	Archaea
GCF_000024185.1_ASM2418v1_genomic.gbff	GCF_000024185.1	83816	Methanobrevibacter ruminantium M1	strain=M1	Methanobrevibacter ruminantium	Methanobrevibacter	Methanobacteriaceae	Methanobacteriales	Methanobacteria	Euryarchaeota	Archaea
GCF_000024745.1_ASM2474v1_genomic.gbff	GCF_000024745.1	2287	Saccharolobus solfataricus 98/2	strain=98/2	Saccharolobus solfataricus	Saccharolobus	Sulfolobaceae	Sulfolobales	Thermoprotei	Crenarchaeota	Archaea
GCF_000517625.1_ASM51762v1_genomic.gbff	GCF_000517625.1	353800	Halostagnicola larsenii XH-48	strain=XH-48	Halostagnicola larsenii	Halostagnicola	Natrialbaceae	Natrialbales	Halobacteria	Euryarchaeota	Archaea
GCF_001989615.1_ASM198961v1_genomic.gbff	GCF_001989615.1	1932360	Halorientalis sp. IM1011	strain=IM1011	Halorientalis sp. IM1011	Halorientalis	Haloarculaceae	Halobacteriales	Halobacteria	Euryarchaeota	Archaea
GCF_000025525.1_ASM2552v1_genomic.gbff	GCF_000025525.1	644281	Methanocaldococcus sp. FS406-22	strain=FS406-22	Methanocaldococcus sp. FS406-22	Methanocaldococcus	Methanocaldococcaceae	Methanococcales	Methanococci	Euryarchaeota	Archaea
GCF_000144915.1_ASM14491v1_genomic.gbff	GCF_000144915.1	242703	Acidilobus saccharovorans 345-15	strain=345-15	Acidilobus saccharovorans	Acidilobus	Acidilobaceae	Acidilobales	Thermoprotei	Crenarchaeota	Archaea
GCF_000022385.1_ASM2238v1_genomic.gbff	GCF_000022385.1	43080	Sulfolobus islandicus L.S.2.15	strain=L.S.2.15	Sulfolobus islandicus	Sulfolobus	Sulfolobaceae	Sulfolobales	Thermoprotei	Crenarchaeota	Archaea
GCF_000327505.1_ASM32750v1_genomic.gbff	GCF_000327505.1	673860	Aciduliprofundum sp. MAR08-339	strain=MAR08-339	Aciduliprofundum sp. MAR08-339	Aciduliprofundum				Candidatus Thermoplasmatota	Archaea
GCF_000023945.1_ASM2394v1_genomic.gbff	GCF_000023945.1	146826	Halorhabdus utahensis DSM 12940	strain=DSM 12940	Halorhabdus utahensis	Halorhabdus	Haloarculaceae	Halobacteriales	Halobacteria	Euryarchaeota	Archaea
GCF_003201835.2_ASM320183v2_genomic.gbff	GCF_003201835.2	41673	Acidianus brierleyi	strain=DSM 1651	Acidianus brierleyi	Acidianus	Sulfolobaceae	Sulfolobales	Thermoprotei	Crenarchaeota	Archaea
GCF_000092305.1_ASM9230v1_genomic.gbff	GCF_000092305.1	67760	Methanocaldococcus infernus ME	strain=ME	Methanocaldococcus infernus	Methanocaldococcus	Methanocaldococcaceae	Methanococcales	Methanococci	Euryarchaeota	Archaea
GCF_004087835.1_ASM408783v1_genomic.gbff	GCF_004087835.1	2505977	Halorussus sp. RC-68	strain=RC-68	Halorussus sp. RC-68	Halorussus	Halobacteriaceae	Halobacteriales	Halobacteria	Euryarchaeota	Archaea
GCF_000226975.2_ASM22697v3_genomic.gbff	GCF_000226975.2	229731	Halobiforma lacisalsi AJ5	strain=AJ5	Halobiforma lacisalsi	Halobiforma	Natrialbaceae	Natrialbales	Halobacteria	Euryarchaeota	Archaea
GCF_000024625.1_ASM2462v1_genomic.gbff	GCF_000024625.1	73913	Methanocaldococcus vulcanius M7	strain=M7	Methanocaldococcus vulcanius	Methanocaldococcus	Methanocaldococcaceae	Methanococcales	Methanococci	Euryarchaeota	Archaea
GCF_000828555.1_ASM82855v1_genomic.gbff	GCF_000828555.1	39152	Methanococcus maripaludis OS7	strain=OS7	Methanococcus maripaludis	Methanococcus	Methanococcaceae	Methanococcales	Methanococci	Euryarchaeota	Archaea
GCF_000828575.1_ASM82857v1_genomic.gbff	GCF_000828575.1	866790	Methanothermobacter sp. CaT2	strain=CaT2	Methanothermobacter sp. CaT2	Methanothermobacter	Methanobacteriaceae	Methanobacteriales	Methanobacteria	Euryarchaeota	Archaea
GCF_000025625.1_ASM2562v1_genomic.gbff	GCF_000025625.1	13769	Natrialba magadii ATCC 43099	strain=ATCC 43099	Natrialba magadii	Natrialba	Natrialbaceae	Natrialbales	Halobacteria	Euryarchaeota	Archaea
GCF_000196895.1_ASM19689v1_genomic.gbff	GCF_000196895.1	413810	Halalkalicoccus jeotgali B3	strain=B3	Halalkalicoccus jeotgali	Halalkalicoccus	Halobacteriaceae	Halobacteriales	Halobacteria	Euryarchaeota	Archaea
GCF_000186365.1_ASM18636v1_genomic.gbff	GCF_000186365.1	2275	Desulfurococcus mucosus DSM 2162	strain=DSM 2162	Desulfurococcus mucosus	Desulfurococcus	Desulfurococcaceae	Desulfurococcales	Thermoprotei	Crenarchaeota	Archaea
GCF_003967175.1_Sacidi_1.0_genomic.gbff	GCF_003967175.1	1670455	Sulfodiicoccus acidiphilus	strain=HS-1	Sulfodiicoccus acidiphilus	Sulfodiicoccus	Sulfolobaceae	Sulfolobales	Thermoprotei	Crenarchaeota	Archaea
GCF_000145295.1_ASM14529v1_genomic.gbff	GCF_000145295.1	145263	Methanothermobacter marburgensis str. Marburg	strain=Marburg	Methanothermobacter marburgensis	Methanothermobacter	Methanobacteriaceae	Methanobacteriales	Methanobacteria	Euryarchaeota	Archaea
GCF_000328525.1_ASM32852v1_genomic.gbff	GCF_000328525.1	387341	Halovivax ruber XH-70	strain=XH-70	Halovivax ruber	Halovivax	Natrialbaceae	Natrialbales	Halobacteria	Euryarchaeota	Archaea
GCF_000220645.1_ASM22064v1_genomic.gbff	GCF_000220645.1	39152	Methanococcus maripaludis X1	strain=X1	Methanococcus maripaludis	Methanococcus	Methanococcaceae	Methanococcales	Methanococci	Euryarchaeota	Archaea
GCF_000148385.1_ASM14838v1_genomic.gbff	GCF_000148385.1	164451	Vulcanisaeta distributa DSM 14429	strain=DSM 14429	Vulcanisaeta distributa	Vulcanisaeta	Thermoproteaceae	Thermoproteales	Thermoprotei	Crenarchaeota	Archaea
GCF_000195895.1_ASM19589v1_genomic.gbff	GCF_000195895.1	2208	Methanosarcina barkeri str. Fusaro	strain=Fusaro	Methanosarcina barkeri	Methanosarcina	Methanosarcinaceae	Methanosarcinales	Methanomicrobia	Euryarchaeota	Archaea
GCF_000223905.1_ASM22390v1_genomic.gbff	GCF_000223905.1	51589	Haloarcula hispanica ATCC 33960	strain=CGMCC 1.2049	Haloarcula hispanica	Haloarcula	Haloarculaceae	Halobacteriales	Halobacteria	Euryarchaeota	Archaea
GCF_000338775.1_ASM33877v1_genomic.gbff	GCF_000338775.1	2285	Sulfolobus acidocaldarius Ron12/I	strain=Ron12/I	Sulfolobus acidocaldarius	Sulfolobus	Sulfolobaceae	Sulfolobales	Thermoprotei	Crenarchaeota	Archaea
GCF_000816105.1_ASM81610v1_genomic.gbff	GCF_000816105.1	110164	Thermococcus guaymasensis DSM 11113	strain=DSM 11113	Thermococcus guaymasensis	Thermococcus	Thermococcaceae	Thermococcales	Thermococci	Euryarchaeota	Archaea
GCF_004803735.1_ASM480373v1_genomic.gbff	GCF_004803735.1	57705	Halomicrobium mukohataei	strain=JP60	Halomicrobium mukohataei	Halomicrobium	Haloarculaceae	Halobacteriales	Halobacteria	Euryarchaeota	Archaea
GCF_002156965.1_ASM215696v1_genomic.gbff	GCF_002156965.1	1898749	Candidatus Nitrosomarinus catalina	strain=SPOT01	Candidatus Nitrosomarinus catalina	Candidatus Nitrosomarinus	Nitrosopumilaceae	Nitrosopumilales		Thaumarchaeota	Archaea
GCF_000231015.2_ASM23101v3_genomic.gbff	GCF_000231015.2	94694	Desulfurococcus amylolyticus DSM 16532	strain=DSM 16532	Desulfurococcus amylolyticus	Desulfurococcus	Desulfurococcaceae	Desulfurococcales	Thermoprotei	Crenarchaeota	Archaea
GCF_002945325.1_ASM294532v1_genomic.gbff	GCF_002945325.1	39152	Methanococcus maripaludis	strain=DSM 2067	Methanococcus maripaludis	Methanococcus	Methanococcaceae	Methanococcales	Methanococci	Euryarchaeota	Archaea
GCF_000189555.1_ASM18955v1_genomic.gbff	GCF_000189555.1	43080	Sulfolobus islandicus REY15A	strain=REY15A	Sulfolobus islandicus	Sulfolobus	Sulfolobaceae	Sulfolobales	Thermoprotei	Crenarchaeota	Archaea
GCF_000246985.2_ASM24698v3_genomic.gbff	GCF_000246985.2	2265	Thermococcus litoralis DSM 5473	strain=DSM 5473	Thermococcus litoralis	Thermococcus	Thermococcaceae	Thermococcales	Thermococci	Euryarchaeota	Archaea
GCF_000234805.1_ASM23480v1_genomic.gbff	GCF_000234805.1	1104324	Pyrobaculum ferrireducens	strain=1860	Pyrobaculum ferrireducens	Pyrobaculum	Thermoproteaceae	Thermoproteales	Thermoprotei	Crenarchaeota	Archaea
GCF_000258425.1_ASM25842v1_genomic.gbff	GCF_000258425.1	683846	Fervidicoccus fontis Kam940	strain=Kam940	Fervidicoccus fontis	Fervidicoccus	Fervidicoccaceae	Fervidicoccales	Thermoprotei	Crenarchaeota	Archaea
GCF_000204415.1_ASM20441v1_genomic.gbff	GCF_000204415.1	2223	Methanothrix soehngenii GP6	strain=GP6	Methanothrix soehngenii	Methanothrix	Methanotrichaceae	Methanosarcinales	Methanomicrobia	Euryarchaeota	Archaea
GCF_001190965.1_ASM119096v1_genomic.gbff	GCF_001190965.1	35746	Haloferax gibbonsii	strain=ARA6	Haloferax gibbonsii	Haloferax	Haloferacaceae	Haloferacales	Halobacteria	Euryarchaeota	Archaea
GCF_000217995.1_ASM21799v1_genomic.gbff	GCF_000217995.1	39669	Methanosalsum zhilinae DSM 4017	strain=DSM 4017	Methanosalsum zhilinae	Methanosalsum	Methanosarcinaceae	Methanosarcinales	Methanomicrobia	Euryarchaeota	Archaea
GCF_000585495.1_ASM58549v1_genomic.gbff	GCF_000585495.1	195522	Thermococcus nautili	strain=30-1	Thermococcus nautili	Thermococcus	Thermococcaceae	Thermococcales	Thermococci	Euryarchaeota	Archaea
GCF_000328665.1_ASM32866v1_genomic.gbff	GCF_000328665.1	101192	Methanomethylovorans hollandica DSM 15978	strain=DSM 15978	Methanomethylovorans hollandica	Methanomethylovorans	Methanosarcinaceae	Methanosarcinales	Methanomicrobia	Euryarchaeota	Archaea
GCF_000230955.2_ASM23095v3_genomic.gbff	GCF_000230955.2	751944	Halobacterium sp. DL1	strain=DL1	Halobacterium sp. DL1	Halobacterium	Halobacteriaceae	Halobacteriales	Halobacteria	Euryarchaeota	Archaea
GCF_000230735.2_ASM23073v3_genomic.gbff	GCF_000230735.2	69525	Natrinema pellirubrum DSM 15624	strain=DSM 15624	Natrinema pellirubrum	Natrinema	Natrialbaceae	Natrialbales	Halobacteria	Euryarchaeota	Archaea
GCF_000875775.1_ASM87577v1_genomic.gbff	GCF_000875775.1	1582439	Nitrosopumilus piranensis	strain=D3C	Nitrosopumilus piranensis	Nitrosopumilus	Nitrosopumilaceae	Nitrosopumilales		Thaumarchaeota	Archaea
GCF_000328685.1_ASM32868v1_genomic.gbff	GCF_000328685.1	29288	Natronococcus occultus SP4	strain=SP4	Natronococcus occultus	Natronococcus	Natrialbaceae	Natrialbales	Halobacteria	Euryarchaeota	Archaea
GCF_000215995.1_ASM21599v1_genomic.gbff	GCF_000215995.1	1008460	Pyrococcus yayanosii CH1	strain=CH1	Pyrococcus yayanosii	Pyrococcus	Thermococcaceae	Thermococcales	Thermococci	Euryarchaeota	Archaea
GCF_013456555.1_ASM1345655v1_genomic.gbff	GCF_013456555.1	1710539	Natrinema sp. YPL30	strain=YPL13	Natrinema sp. YPL30	Natrinema	Natrialbaceae	Natrialbales	Halobacteria	Euryarchaeota	Archaea
GCF_013415905.1_ASM1341590v1_genomic.gbff	GCF_013415905.1	869886	Halosimplex pelagicum	strain=R2	Halosimplex pelagicum	Halosimplex	Haloarculaceae	Halobacteriales	Halobacteria	Euryarchaeota	Archaea
GCF_000193375.1_ASM19337v1_genomic.gbff	GCF_000193375.1	184117	Thermoproteus uzoniensis 768-20	strain=768-20	Thermoproteus uzoniensis	Thermoproteus	Thermoproteaceae	Thermoproteales	Thermoprotei	Crenarchaeota	Archaea
GCF_000214725.1_ASM21472v1_genomic.gbff	GCF_000214725.1	868131	Methanobacterium paludis	strain=SWAN1	Methanobacterium paludis	Methanobacterium	Methanobacteriaceae	Methanobacteriales	Methanobacteria	Euryarchaeota	Archaea
GCF_000725425.1_ASM72542v1_genomic.gbff	GCF_000725425.1	971279	Palaeococcus pacificus DY20341	strain=DY20341	Palaeococcus pacificus	Palaeococcus	Thermococcaceae	Thermococcales	Thermococci	Euryarchaeota	Archaea
GCF_000190315.1_ASM19031v1_genomic.gbff	GCF_000190315.1	985052	Vulcanisaeta moutnovskia 768-28	strain=768-28	Vulcanisaeta moutnovskia	Vulcanisaeta	Thermoproteaceae	Thermoproteales	Thermoprotei	Crenarchaeota	Archaea
GCF_000189575.1_ASM18957v1_genomic.gbff	GCF_000189575.1	43080	Sulfolobus islandicus HVE10/4	strain=HVE10/4	Sulfolobus islandicus	Sulfolobus	Sulfolobaceae	Sulfolobales	Thermoprotei	Crenarchaeota	Archaea
GCF_000214415.1_ASM21441v1_genomic.gbff	GCF_000214415.1	2189	Methanotorris igneus Kol 5	strain=Kol 5	Methanotorris igneus	Methanotorris	Methanocaldococcaceae	Methanococcales	Methanococci	Euryarchaeota	Archaea
GCF_001484685.1_ASM148468v1_genomic.gbff	GCF_001484685.1	1674923	Thermococcus sp. 2319x1	strain=2319x1	Thermococcus sp. 2319x1	Thermococcus	Thermococcaceae	Thermococcales	Thermococci	Euryarchaeota	Archaea
GCF_000191585.1_ASM19158v1_genomic.gbff	GCF_000191585.1	877455	Methanobacterium lacus	strain=AL-21	Methanobacterium lacus	Methanobacterium	Methanobacteriaceae	Methanobacteriales	Methanobacteria	Euryarchaeota	Archaea
GCF_000204925.1_ASM20492v1_genomic.gbff	GCF_000204925.1	1006005	Metallosphaera cuprina Ar-4	strain=Ar-4	Metallosphaera cuprina	Metallosphaera	Sulfolobaceae	Sulfolobales	Thermoprotei	Crenarchaeota	Archaea
GCF_000194625.1_ASM19462v1_genomic.gbff	GCF_000194625.1	58290	Archaeoglobus veneficus SNP6	strain=SNP6	Archaeoglobus veneficus	Archaeoglobus	Archaeoglobaceae	Archaeoglobales	Archaeoglobi	Euryarchaeota	Archaea
GCF_000211475.1_ASM21147v1_genomic.gbff	GCF_000211475.1	342949	Pyrococcus sp. NA2	strain=NA2	Pyrococcus sp. NA2	Pyrococcus	Thermococcaceae	Thermococcales	Thermococci	Euryarchaeota	Archaea
GCF_000364745.1_ASM36474v1_genomic.gbff	GCF_000364745.1	43080	Sulfolobus islandicus LAL14/1	strain=LAL14/1	Sulfolobus islandicus	Sulfolobus	Sulfolobaceae	Sulfolobales	Thermoprotei	Crenarchaeota	Archaea
GCF_000340315.1_ASM34031v1_genomic.gbff	GCF_000340315.1	2285	Sulfolobus acidocaldarius N8	strain=N8	Sulfolobus acidocaldarius	Sulfolobus	Sulfolobaceae	Sulfolobales	Thermoprotei	Crenarchaeota	Archaea
GCF_000504565.1_ASM50456v2_genomic.gbff	GCF_000504565.1	51589	Haloarcula hispanica N601	strain=N601	Haloarcula hispanica	Haloarcula	Haloarculaceae	Halobacteriales	Halobacteria	Euryarchaeota	Archaea
GCF_000253055.1_ASM25305v1_genomic.gbff	GCF_000253055.1	2271	Thermoproteus tenax Kra 1	strain=Kra 1	Thermoproteus tenax	Thermoproteus	Thermoproteaceae	Thermoproteales	Thermoprotei	Crenarchaeota	Archaea
GCF_000223395.1_ASM22339v1_genomic.gbff	GCF_000223395.1	54252	Pyrolobus fumarii 1A	strain=1A	Pyrolobus fumarii	Pyrolobus	Pyrodictiaceae	Desulfurococcales	Thermoprotei	Crenarchaeota	Archaea
GCF_002355655.1_ASM235565v1_genomic.gbff	GCF_002355655.1	29284	Halorubrum trapanicum	strain=CBA1232	Halorubrum trapanicum	Halorubrum	Halorubraceae	Haloferacales	Halobacteria	Euryarchaeota	Archaea
GCF_000221185.1_ASM22118v1_genomic.gbff	GCF_000221185.1	1042877	Thermococcus sp. 4557	strain=4557	Thermococcus sp. 4557	Thermococcus	Thermococcaceae	Thermococcales	Thermococci	Euryarchaeota	Archaea
GCF_000327485.1_ASM32748v1_genomic.gbff	GCF_000327485.1	882104	Methanoregula formicica SMSP	strain=SMSP	Methanoregula formicica	Methanoregula	Methanoregulaceae	Methanomicrobiales	Methanomicrobia	Euryarchaeota	Archaea
GCF_000235565.1_ASM23556v1_genomic.gbff	GCF_000235565.1	301375	Methanosaeta harundinacea 6Ac	strain=6Ac	Methanosaeta harundinacea	Methanothrix	Methanotrichaceae	Methanosarcinales	Methanomicrobia	Euryarchaeota	Archaea
GCF_000237865.1_ASM23786v1_genomic.gbff	GCF_000237865.1	293091	Haloquadratum walsbyi C23	strain=DSM 16854 = C23	Haloquadratum walsbyi	Haloquadratum	Haloferacaceae	Haloferacales	Halobacteria	Euryarchaeota	Archaea
GCF_000263735.1_ASM26373v1_genomic.gbff	GCF_000263735.1	1183377	Pyrococcus sp. ST04	strain=ST04	Pyrococcus sp. ST04	Pyrococcus	Thermococcaceae	Thermococcales	Thermococci	Euryarchaeota	Archaea
GCF_000264495.1_ASM26449v1_genomic.gbff	GCF_000264495.1	1200300	Thermogladius calderae 1633	strain=1633	Thermogladius calderae	Thermogladius	Desulfurococcaceae	Desulfurococcales	Thermoprotei	Crenarchaeota	Archaea
GCF_000265525.1_ASM26552v1_genomic.gbff	GCF_000265525.1	163003	Thermococcus cleftensis	strain=CL1	Thermococcus cleftensis	Thermococcus	Thermococcaceae	Thermococcales	Thermococci	Euryarchaeota	Archaea
GCF_000281695.1_ASM28169v1_genomic.gbff	GCF_000281695.1	406552	Natrinema sp. J7-2	strain=J7-2	Natrinema sp. J7-2	Natrinema	Natrialbaceae	Natrialbales	Halobacteria	Euryarchaeota	Archaea
GCF_016806735.1_ASM1680673v1_genomic.gbff	GCF_016806735.1	2282148	Candidatus Micrarchaeum sp.	strain=A_DKE	Candidatus Micrarchaeum sp.	Candidatus Micrarchaeum				Candidatus Micrarchaeota	Archaea
GCF_000591055.1_ASM59105v1_genomic.gbff	GCF_000591055.1	416273	Natronomonas moolapensis 8.8.11	strain=8.8.11	Natronomonas moolapensis	Natronomonas	Haloarculaceae	Halobacteriales	Halobacteria	Euryarchaeota	Archaea
GCF_000306765.2_ASM30676v2_genomic.gbff	GCF_000306765.2	2252	Haloferax mediterranei ATCC 33500	strain=CGMCC 1.2087	Haloferax mediterranei	Haloferax	Haloferacaceae	Haloferacales	Halobacteria	Euryarchaeota	Archaea
GCF_000299395.1_ASM29939v1_genomic.gbff	GCF_000299395.1	1229909	Candidatus Nitrosopumilus sediminis	strain=AR2	Candidatus Nitrosopumilus sediminis	Nitrosopumilus	Nitrosopumilaceae	Nitrosopumilales		Thaumarchaeota	Archaea
GCF_000300255.2_ASM30025v2_genomic.gbff	GCF_000300255.2	1291540	Candidatus Methanomethylophilus alvus Mx1201	strain=Mx1201	Candidatus Methanomethylophilus alvus	Candidatus Methanomethylophilus	Candidatus Methanomethylophilaceae	Methanomassiliicoccales	Thermoplasmata	Candidatus Thermoplasmatota	Archaea
GCF_000303155.1_ASM30315v1_genomic.gbff	GCF_000303155.1	497727	Candidatus Nitrososphaera gargensis Ga9.2		Candidatus Nitrososphaera gargensis	Nitrososphaera	Nitrososphaeraceae	Nitrososphaerales	Nitrososphaeria	Thaumarchaeota	Archaea
GCF_000304355.2_Mb_MS2_genomic.gbff	GCF_000304355.2	83986	Methanoculleus bourgensis MS2	strain=type strain:MS2	Methanoculleus bourgensis	Methanoculleus	Methanomicrobiaceae	Methanomicrobiales	Methanomicrobia	Euryarchaeota	Archaea
GCF_000385565.1_ASM38556v1_genomic.gbff	GCF_000385565.1	1316941	Archaeoglobus sulfaticallidus PM70-1	strain=PM70-1	Archaeoglobus sulfaticallidus	Archaeoglobus	Archaeoglobaceae	Archaeoglobales	Archaeoglobi	Euryarchaeota	Archaea
GCF_001433455.1_ASM143345v1_genomic.gbff	GCF_001433455.1	55802	Thermococcus barophilus	strain=CH5	Thermococcus barophilus	Thermococcus	Thermococcaceae	Thermococcales	Thermococci	Euryarchaeota	Archaea
GCF_003721175.2_ASM372117v2_genomic.gbff	GCF_003721175.2	1853682	Halarchaeum sp. CBA1220	strain=CBA1220	Halarchaeum sp. CBA1220	Halarchaeum	Halobacteriaceae	Halobacteriales	Halobacteria	Euryarchaeota	Archaea
GCF_904067545.1_T_caminus_IRI35c_genomic.gbff	GCF_904067545.1	2016373	Thermococcus sp. IRI35c	strain=IRI35c	Thermococcus sp. IRI35c	Thermococcus	Thermococcaceae	Thermococcales	Thermococci	Euryarchaeota	Archaea
GCF_003201765.2_ASM320176v2_genomic.gbff	GCF_003201765.2	312539	Acidianus sulfidivorans JP7	strain=JP7	Acidianus sulfidivorans	Acidianus	Sulfolobaceae	Sulfolobales	Thermoprotei	Crenarchaeota	Archaea
GCF_002214385.1_ASM221438v1_genomic.gbff	GCF_002214385.1	71997	Thermococcus gorgonarius	strain=W-12	Thermococcus gorgonarius	Thermococcus	Thermococcaceae	Thermococcales	Thermococci	Euryarchaeota	Archaea
GCF_008326425.1_SulIC006_1.0_genomic.gbff	GCF_008326425.1	1294262	Sulfuracidifex tepidarius	strain=IC-006	Sulfuracidifex tepidarius	Sulfuracidifex	Sulfolobaceae	Sulfolobales	Thermoprotei	Crenarchaeota	Archaea
GCF_008831545.1_ASM883154v1_genomic.gbff	GCF_008831545.1	2650975	Halorussus sp. ZS-3	strain=ZS-3	Halorussus sp. ZS-3	Halorussus	Halobacteriaceae	Halobacteriales	Halobacteria	Euryarchaeota	Archaea
GCF_000446015.1_ASM44601v1_genomic.gbff	GCF_000446015.1	1365176	Thermofilum adornatum		Thermofilum adornatum	Thermofilum	Thermofilaceae	Thermoproteales	Thermoprotei	Crenarchaeota	Archaea
GCF_000762265.1_ASM76226v1_genomic.gbff	GCF_000762265.1	2162	Methanobacterium formicicum	strain=BRM9	Methanobacterium formicicum	Methanobacterium	Methanobacteriaceae	Methanobacteriales	Methanobacteria	Euryarchaeota	Archaea
GCF_000404165.1_ASM40416v1_genomic.gbff	GCF_000404165.1	224719	Methanobrevibacter sp. AbM4	strain=AbM4	Methanobrevibacter sp. AbM4	Methanobrevibacter	Methanobacteriaceae	Methanobacteriales	Methanobacteria	Euryarchaeota	Archaea
GCF_000730285.1_ASM73028v1_genomic.gbff	GCF_000730285.1	1459637	Candidatus Nitrososphaera evergladensis SR1		Candidatus Nitrososphaera evergladensis	Nitrososphaera	Nitrososphaeraceae	Nitrososphaerales	Nitrososphaeria	Thaumarchaeota	Archaea
GCF_000739065.1_ASM73906v1_genomic.gbff	GCF_000739065.1	1301915	Methanocaldococcus bathoardescens	strain=JH146	Methanocaldococcus bathoardescens	Methanocaldococcus	Methanocaldococcaceae	Methanococcales	Methanococci	Euryarchaeota	Archaea
GCF_000812185.1_ASM81218v1_genomic.gbff	GCF_000812185.1	1410606	Candidatus Nitrosopelagicus brevis	strain=CN25	Candidatus Nitrosopelagicus brevis	Candidatus Nitrosopelagicus				Thaumarchaeota	Archaea
GCF_000470655.1_HATI1_genomic.gbff	GCF_000470655.1	430914	Halorhabdus tiamatea SARL4B	strain=type strain: SARL4B	Halorhabdus tiamatea	Halorhabdus	Haloarculaceae	Halobacteriales	Halobacteria	Euryarchaeota	Archaea
GCF_009729015.1_ASM972901v1_genomic.gbff	GCF_009729015.1	2283	Acidianus ambivalens	strain=LEI 10	Acidianus ambivalens	Acidianus	Sulfolobaceae	Sulfolobales	Thermoprotei	Crenarchaeota	Archaea
GCF_902384015.1_UHGG_MGYG-HGUT-02164_genomic.gbff	GCF_902384015.1	2317	Methanosphaera stadtmanae		Methanosphaera stadtmanae	Methanosphaera	Methanobacteriaceae	Methanobacteriales	Methanobacteria	Euryarchaeota	Archaea
GCF_001548675.1_ASM154867v1_genomic.gbff	GCF_001548675.1	1609968	Methanobrevibacter sp. YE315	strain=YE315	Methanobrevibacter sp. YE315	Methanobrevibacter	Methanobacteriaceae	Methanobacteriales	Methanobacteria	Euryarchaeota	Archaea
GCF_000813245.1_ASM81324v1_genomic.gbff	GCF_000813245.1	1365176	Thermofilum adornatus 1505	strain=1505	Thermofilum adornatum	Thermofilum	Thermofilaceae	Thermoproteales	Thermoprotei	Crenarchaeota	Archaea
GCF_000517445.1_ASM51744v1_genomic.gbff	GCF_000517445.1	582419	Thermococcus paralvinellae	strain=ES1	Thermococcus paralvinellae	Thermococcus	Thermococcaceae	Thermococcales	Thermococci	Euryarchaeota	Archaea
GCF_000827835.1_ASM82783v1_genomic.gbff	GCF_000827835.1	1592728	Haloarcula sp. CBA1115	strain=CBA1115	Haloarcula sp. CBA1115	Haloarcula	Haloarculaceae	Halobacteriales	Halobacteria	Euryarchaeota	Archaea
GCF_000969965.1_ASM96996v1_genomic.gbff	GCF_000969965.1	1434103	Methanosarcina sp. WWM596	strain=WWM596	Methanosarcina sp. WWM596	Methanosarcina	Methanosarcinaceae	Methanosarcinales	Methanomicrobia	Euryarchaeota	Archaea
GCF_000970065.1_ASM97006v1_genomic.gbff	GCF_000970065.1	2208	Methanosarcina barkeri 227	strain=227	Methanosarcina barkeri	Methanosarcina	Methanosarcinaceae	Methanosarcinales	Methanomicrobia	Euryarchaeota	Archaea
GCF_000970025.1_ASM97002v1_genomic.gbff	GCF_000970025.1	2208	Methanosarcina barkeri MS	strain=MS	Methanosarcina barkeri	Methanosarcina	Methanosarcinaceae	Methanosarcinales	Methanomicrobia	Euryarchaeota	Archaea
GCF_000969985.1_ASM96998v1_genomic.gbff	GCF_000969985.1	2208	Methanosarcina barkeri str. Wiesmoor	strain=Wiesmoor	Methanosarcina barkeri	Methanosarcina	Methanosarcinaceae	Methanosarcinales	Methanomicrobia	Euryarchaeota	Archaea
GCF_000993805.1_ASM99380v1_genomic.gbff	GCF_000993805.1	1550241	Thermofilum uzonense	strain=1807-2	Thermofilum uzonense	Thermofilum	Thermofilaceae	Thermoproteales	Thermoprotei	Crenarchaeota	Archaea
GCF_000970085.1_ASM97008v1_genomic.gbff	GCF_000970085.1	38027	Methanosarcina siciliae T4/M	strain=T4/M	Methanosarcina siciliae	Methanosarcina	Methanosarcinaceae	Methanosarcinales	Methanomicrobia	Euryarchaeota	Archaea
GCF_000970325.1_ASM97032v1_genomic.gbff	GCF_000970325.1	2226	Methanococcoides methylutens MM1	strain=MM1	Methanococcoides methylutens	Methanococcoides	Methanosarcinaceae	Methanosarcinales	Methanomicrobia	Euryarchaeota	Archaea
GCF_000970045.1_ASM97004v1_genomic.gbff	GCF_000970045.1	1434100	Methanosarcina sp. MTP4	strain=MTP4	Methanosarcina sp. MTP4	Methanosarcina	Methanosarcinaceae	Methanosarcinales	Methanomicrobia	Euryarchaeota	Archaea
GCF_000970005.1_ASM97000v1_genomic.gbff	GCF_000970005.1	1434102	Methanosarcina sp. WH1	strain=WH1	Methanosarcina sp. WH1	Methanosarcina	Methanosarcinaceae	Methanosarcinales	Methanomicrobia	Euryarchaeota	Archaea
GCF_000970305.1_ASM97030v1_genomic.gbff	GCF_000970305.1	2208	Methanosarcina barkeri 3	strain=3	Methanosarcina barkeri	Methanosarcina	Methanosarcinaceae	Methanosarcinales	Methanomicrobia	Euryarchaeota	Archaea
GCF_000970285.1_ASM97028v1_genomic.gbff	GCF_000970285.1	418008	Methanosarcina horonobensis HB-1 = JCM 15518	strain=HB-1	Methanosarcina horonobensis	Methanosarcina	Methanosarcinaceae	Methanosarcinales	Methanomicrobia	Euryarchaeota	Archaea
GCF_000970265.1_ASM97026v1_genomic.gbff	GCF_000970265.1	170861	Methanosarcina lacustris Z-7289	strain=Z-7289	Methanosarcina lacustris	Methanosarcina	Methanosarcinaceae	Methanosarcinales	Methanomicrobia	Euryarchaeota	Archaea
GCF_000970245.1_ASM97024v1_genomic.gbff	GCF_000970245.1	2209	Methanosarcina mazei C16	strain=C16	Methanosarcina mazei	Methanosarcina	Methanosarcinaceae	Methanosarcinales	Methanomicrobia	Euryarchaeota	Archaea
GCF_000970205.1_ASM97020v1_genomic.gbff	GCF_000970205.1	2209	Methanosarcina mazei S-6	strain=S-6	Methanosarcina mazei	Methanosarcina	Methanosarcinaceae	Methanosarcinales	Methanomicrobia	Euryarchaeota	Archaea
GCF_000970185.1_ASM97018v1_genomic.gbff	GCF_000970185.1	2209	Methanosarcina mazei SarPi	strain=SarPi	Methanosarcina mazei	Methanosarcina	Methanosarcinaceae	Methanosarcinales	Methanomicrobia	Euryarchaeota	Archaea
GCF_000970165.1_ASM97016v1_genomic.gbff	GCF_000970165.1	2209	Methanosarcina mazei WWM610	strain=WWM610	Methanosarcina mazei	Methanosarcina	Methanosarcinaceae	Methanosarcinales	Methanomicrobia	Euryarchaeota	Archaea
GCF_000970145.1_ASM97014v1_genomic.gbff	GCF_000970145.1	38027	Methanosarcina siciliae C2J	strain=C2J	Methanosarcina siciliae	Methanosarcina	Methanosarcinaceae	Methanosarcinales	Methanomicrobia	Euryarchaeota	Archaea
GCF_000970125.1_ASM97012v1_genomic.gbff	GCF_000970125.1	38027	Methanosarcina siciliae HI350	strain=HI350	Methanosarcina siciliae	Methanosarcina	Methanosarcinaceae	Methanosarcinales	Methanomicrobia	Euryarchaeota	Archaea
GCF_000969945.1_ASM96994v1_genomic.gbff	GCF_000969945.1	1434099	Methanosarcina sp. Kolksee	strain=Kolksee	Methanosarcina sp. Kolksee	Methanosarcina	Methanosarcinaceae	Methanosarcinales	Methanomicrobia	Euryarchaeota	Archaea
GCF_000969925.1_ASM96992v1_genomic.gbff	GCF_000969925.1	2210	Methanosarcina thermophila CHTI-55	strain=CHTI-55	Methanosarcina thermophila	Methanosarcina	Methanosarcinaceae	Methanosarcinales	Methanomicrobia	Euryarchaeota	Archaea
GCF_004799685.1_ASM479968v1_genomic.gbff	GCF_004799685.1	699433	Halobellus limi	strain=CGMCC 1.10331	Halobellus limi	Halobellus	Haloferacaceae	Haloferacales	Halobacteria	Euryarchaeota	Archaea
GCF_000734035.1_ASM73403v1_genomic.gbff	GCF_000734035.1	2234	Archaeoglobus fulgidus DSM 8774	strain=DSM 8774	Archaeoglobus fulgidus	Archaeoglobus	Archaeoglobaceae	Archaeoglobales	Archaeoglobi	Euryarchaeota	Archaea
GCF_013407165.1_ASM1340716v1_genomic.gbff	GCF_013407165.1	1959104	Nitrosopumilus oxyclinae	strain=HCE1	Nitrosopumilus oxyclinae	Nitrosopumilus	Nitrosopumilaceae	Nitrosopumilales		Thaumarchaeota	Archaea
GCF_013407275.1_ASM1340727v1_genomic.gbff	GCF_013407275.1	2259672	Candidatus Nitrosotenuis sp. DW1	strain=DW1	Candidatus Nitrosotenuis sp. DW1	Candidatus Nitrosotenuis				Thaumarchaeota	Archaea
GCF_000800805.1_ASM80080v1_genomic.gbff	GCF_000800805.1	1577791	Candidatus Methanoplasma termitum	strain=MpT1	Candidatus Methanoplasma termitum	Candidatus Methanoplasma	Methanomassiliicoccaceae	Methanomassiliicoccales	Thermoplasmata	Candidatus Thermoplasmatota	Archaea
GCF_013388255.1_ASM1338825v1_genomic.gbff	GCF_013388255.1	536044	Methanolobus zinderi	strain=DSM 21339	Methanolobus zinderi	Methanolobus	Methanosarcinaceae	Methanosarcinales	Methanomicrobia	Euryarchaeota	Archaea
GCF_003351865.1_ASM335186v1_genomic.gbff	GCF_003351865.1	2607662	Methanofervidicoccus sp. A16	strain=A16	Methanofervidicoccus sp. A16	Methanofervidicoccus		Methanococcales	Methanococci	Euryarchaeota	Archaea
GCF_003430805.1_ASM343080v1_genomic.gbff	GCF_003430805.1	2044521	Natrarchaeobaculum sulfurireducens	strain=AArc-Mg	Natrarchaeobaculum sulfurireducens	Natrarchaeobaculum	Natrialbaceae	Natrialbales	Halobacteria	Euryarchaeota	Archaea
GCF_001006045.1_ASM100604v1_genomic.gbff	GCF_001006045.1	113653	Geoglobus ahangari	strain=234	Geoglobus ahangari	Geoglobus	Archaeoglobaceae	Archaeoglobales	Archaeoglobi	Euryarchaeota	Archaea
GCF_003711245.1_ASM371124v1_genomic.gbff	GCF_003711245.1	1291540	Candidatus Methanomethylophilus alvus	strain=Mx-05	Candidatus Methanomethylophilus alvus	Candidatus Methanomethylophilus	Candidatus Methanomethylophilaceae	Methanomassiliicoccales	Thermoplasmata	Candidatus Thermoplasmatota	Archaea
GCF_000802205.1_ASM80220v2_genomic.gbff	GCF_000802205.1	1353260	Candidatus Nitrosocosmicus oleophilus	strain=MY3	Candidatus Nitrosocosmicus oleophilus	Candidatus Nitrosocosmicus	Nitrososphaeraceae	Nitrososphaerales	Nitrososphaeria	Thaumarchaeota	Archaea
GCF_000968355.2_ASM96835v2_genomic.gbff	GCF_000968355.2	2287	Saccharolobus solfataricus	strain=SARC-B	Saccharolobus solfataricus	Saccharolobus	Sulfolobaceae	Sulfolobales	Thermoprotei	Crenarchaeota	Archaea
GCF_000955905.1_ASM95590v3_genomic.gbff	GCF_000955905.1	1603555	Candidatus Nitrosotenuis cloacae	strain=SAT1	Candidatus Nitrosotenuis cloacae	Candidatus Nitrosotenuis				Thaumarchaeota	Archaea
GCF_000828535.1_ASM82853v1_genomic.gbff	GCF_000828535.1	39152	Methanococcus maripaludis KA1	strain=KA1	Methanococcus maripaludis	Methanococcus	Methanococcaceae	Methanococcales	Methanococci	Euryarchaeota	Archaea
GCF_000956175.1_ASM95617v1_genomic.gbff	GCF_000956175.1	1580092	Nitrosopumilus adriaticus	strain=NF5	Nitrosopumilus adriaticus	Nitrosopumilus	Nitrosopumilaceae	Nitrosopumilales		Thaumarchaeota	Archaea
GCF_001027005.1_ASM102700v1_genomic.gbff	GCF_001027005.1	2208	Methanosarcina barkeri CM1	strain=CM1	Methanosarcina barkeri	Methanosarcina	Methanosarcinaceae	Methanosarcinales	Methanomicrobia	Euryarchaeota	Archaea
GCF_001412615.1_ASM141261v1_genomic.gbff	GCF_001412615.1	1273541	Pyrodictium delaneyi	strain=Su06	Pyrodictium delaneyi	Pyrodictium	Pyrodictiaceae	Desulfurococcales	Thermoprotei	Crenarchaeota	Archaea
GCF_001592435.1_ASM159243v1_genomic.gbff	GCF_001592435.1	53952	Thermococcus peptonophilus	strain=OG-1	Thermococcus peptonophilus	Thermococcus	Thermococcaceae	Thermococcales	Thermococci	Euryarchaeota	Archaea
GCF_001719125.1_ASM171912v1_genomic.gbff	GCF_001719125.1	1891280	Sulfolobus sp. A20	strain=A20	Sulfolobus sp. A20	Sulfolobus	Sulfolobaceae	Sulfolobales	Thermoprotei	Crenarchaeota	Archaea
GCF_003990725.2_ASM399072v2_genomic.gbff	GCF_003990725.2	634157	Halorubrum sp. PV6	strain=PV6	Halorubrum sp. PV6	Halorubrum	Halorubraceae	Haloferacales	Halobacteria	Euryarchaeota	Archaea
GCF_900090055.1_C.divulgatum_PM4_genomic.gbff	GCF_900090055.1	1673428	Cuniculiplasma divulgatum	strain=PM4 (=JCM 30641; =VKM B-2940)	Cuniculiplasma divulgatum	Cuniculiplasma	Cuniculiplasmataceae	Thermoplasmatales	Thermoplasmata	Candidatus Thermoplasmatota	Archaea
GCF_900198835.1_chr_EXT12c_genomic.gbff	GCF_900198835.1	2016361	Thermococcus sp. EXT12c	strain=EXT12c	Thermococcus sp. EXT12c	Thermococcus	Thermococcaceae	Thermococcales	Thermococci	Euryarchaeota	Archaea
GCF_001563245.1_ASM156324v1_genomic.gbff	GCF_001563245.1	294671	Methanobrevibacter olleyae	strain=YLM1	Methanobrevibacter olleyae	Methanobrevibacter	Methanobacteriaceae	Methanobacteriales	Methanobacteria	Euryarchaeota	Archaea
GCF_013402875.1_ASM1340287v1_genomic.gbff	GCF_013402875.1	2743089	Halobonum sp. NJ-3-1	strain=NJ-3-1	Halobonum sp. NJ-3-1	Candidatus Halobonum	Halorubraceae	Haloferacales	Halobacteria	Euryarchaeota	Archaea
GCF_014876775.1_ASM1487677v1_genomic.gbff	GCF_014876775.1	2776706	Thermofilum sp. 3507LT	strain=3507LT	Thermofilum sp. 3507LT	Thermofilum	Thermofilaceae	Thermoproteales	Thermoprotei	Crenarchaeota	Archaea
GCF_013401515.1_ASM1340151v1_genomic.gbff	GCF_013401515.1	2743090	Halobonum sp. Gai3-2	strain=Gai3-2	Halobonum sp. Gai3-2	Candidatus Halobonum	Halorubraceae	Haloferacales	Halobacteria	Euryarchaeota	Archaea
GCF_001767315.1_ASM176731v1_genomic.gbff	GCF_001767315.1	1873524	Halodesulfurarchaeum formicicum	strain=HTSR1	Halodesulfurarchaeum formicicum	Halodesulfurarchaeum	Halobacteriaceae	Halobacteriales	Halobacteria	Euryarchaeota	Archaea
GCF_001305655.1_ASM130565v1_genomic.gbff	GCF_001305655.1	1604004	Halanaeroarchaeum sulfurireducens	strain=M27-SA2	Halanaeroarchaeum sulfurireducens	Halanaeroarchaeum	Halobacteriaceae	Halobacteriales	Halobacteria	Euryarchaeota	Archaea
GCF_003342695.1_ASM334269v1_genomic.gbff	GCF_003342695.1	1547898	Haloplanus rubicundus	strain=CBA1113	Haloplanus rubicundus	Haloplanus	Haloferacaceae	Haloferacales	Halobacteria	Euryarchaeota	Archaea
GCF_902383905.1_UHGG_MGYG-HGUT-02160_genomic.gbff	GCF_902383905.1	1406512	Candidatus Methanomassiliicoccus intestinalis		Candidatus Methanomassiliicoccus intestinalis	Methanomassiliicoccus	Methanomassiliicoccaceae	Methanomassiliicoccales	Thermoplasmata	Candidatus Thermoplasmatota	Archaea
GCF_009914355.1_ASM991435v1_genomic.gbff	GCF_009914355.1	2606911	Methanothermobacter sp. THM-1	strain=THM-1	Methanothermobacter sp. THM-1	Methanothermobacter	Methanobacteriaceae	Methanobacteriales	Methanobacteria	Euryarchaeota	Archaea
GCF_001889405.1_ASM188940v1_genomic.gbff	GCF_001889405.1	2177	Methanohalophilus halophilus	strain=Z-7982	Methanohalophilus halophilus	Methanohalophilus	Methanosarcinaceae	Methanosarcinales	Methanomicrobia	Euryarchaeota	Archaea
GCF_002813695.1_ASM281369v1_genomic.gbff	GCF_002813695.1	59277	Methanobacterium subterraneum	strain=A8p	Methanobacterium subterraneum	Methanobacterium	Methanobacteriaceae	Methanobacteriales	Methanobacteria	Euryarchaeota	Archaea
GCF_003721435.2_ASM372143v2_genomic.gbff	GCF_003721435.2	1853699	Halorubrum sp. CBA1229	strain=CBA1229	Halorubrum sp. CBA1229	Halorubrum	Halorubraceae	Haloferacales	Halobacteria	Euryarchaeota	Archaea
GCF_002197185.1_ASM219718v1_genomic.gbff	GCF_002197185.1	2008440	Thermococcus sp. 5-4	strain=5-4	Thermococcus sp. 5-4	Thermococcus	Thermococcaceae	Thermococcales	Thermococci	Euryarchaeota	Archaea
GCF_003852095.1_ASM385209v1_genomic.gbff	GCF_003852095.1	2287	Saccharolobus solfataricus	strain=SARC-O	Saccharolobus solfataricus	Saccharolobus	Sulfolobaceae	Sulfolobales	Thermoprotei	Crenarchaeota	Archaea
GCF_001886955.1_ASM188695v1_genomic.gbff	GCF_001886955.1	1873524	Halodesulfurarchaeum formicicum	strain=HSR6	Halodesulfurarchaeum formicicum	Halodesulfurarchaeum	Halobacteriaceae	Halobacteriales	Halobacteria	Euryarchaeota	Archaea
GCF_002025255.2_ASM202525v2_genomic.gbff	GCF_002025255.2	1853690	Halolamina sp. CBA1230	strain=CBA1230	Halolamina sp. CBA1230	Halolamina	Halorubraceae	Haloferacales	Halobacteria	Euryarchaeota	Archaea
GCF_013343295.1_ASM1334329v1_genomic.gbff	GCF_013343295.1	1532350	Metallosphaera tengchongensis	strain=Ric-A	Metallosphaera tengchongensis	Metallosphaera	Sulfolobaceae	Sulfolobales	Thermoprotei	Crenarchaeota	Archaea
GCF_001870125.1_ASM187012v1_genomic.gbff	GCF_001870125.1	1826872	Candidatus Nitrosocosmicus hydrocola	strain=G61	Candidatus Nitrosocosmicus hydrocola	Candidatus Nitrosocosmicus	Nitrososphaeraceae	Nitrososphaerales	Nitrososphaeria	Thaumarchaeota	Archaea
GCF_002214165.1_ASM221416v1_genomic.gbff	GCF_002214165.1	1920749	Candidatus Mancarchaeum acidiphilum	strain=Mia14	Candidatus Mancarchaeum acidiphilum	Candidatus Mancarchaeum				Candidatus Micrarchaeota	Archaea
GCF_002906215.1_ASM290621v1_genomic.gbff	GCF_002906215.1	2045011	Candidatus Nitrosocaldus islandicus		Candidatus Nitrosocaldus islandicus	Candidatus Nitrosocaldus	Candidatus Nitrosocaldaceae	Candidatus Nitrosocaldales	Nitrososphaeria	Thaumarchaeota	Archaea
GCF_002813085.1_ASM281308v1_genomic.gbff	GCF_002813085.1	2173	Methanobrevibacter smithii	strain=KB11	Methanobrevibacter smithii	Methanobrevibacter	Methanobacteriaceae	Methanobacteriales	Methanobacteria	Euryarchaeota	Archaea
GCF_002906575.1_ASM290657v1_genomic.gbff	GCF_002906575.1	755307	Salinigranum rubrum	strain=GX10	Salinigranum rubrum	Salinigranum	Halorubraceae	Haloferacales	Halobacteria	Euryarchaeota	Archaea
GCF_002078355.1_ASM207835v1_genomic.gbff	GCF_002078355.1	74969	Ferroplasma acidiphilum	strain=Y	Ferroplasma acidiphilum	Ferroplasma	Ferroplasmaceae	Thermoplasmatales	Thermoplasmata	Candidatus Thermoplasmatota	Archaea
GCF_013407185.1_ASM1340718v1_genomic.gbff	GCF_013407185.1	1470067	Nitrosopumilus ureiphilus	strain=PS0	Nitrosopumilus ureiphilus	Nitrosopumilus	Nitrosopumilaceae	Nitrosopumilales		Thaumarchaeota	Archaea
GCF_002214365.1_ASM221436v1_genomic.gbff	GCF_002214365.1	2264	Thermococcus celer Vu 13 = JCM 8558	strain=Vu 13	Thermococcus celer	Thermococcus	Thermococcaceae	Thermococcales	Thermococci	Euryarchaeota	Archaea
GCF_003430825.1_ASM343082v1_genomic.gbff	GCF_003430825.1	2044521	Natrarchaeobaculum sulfurireducens	strain=AArc1	Natrarchaeobaculum sulfurireducens	Natrarchaeobaculum	Natrialbaceae	Natrialbales	Halobacteria	Euryarchaeota	Archaea
GCF_003431325.1_ASM343132v1_genomic.gbff	GCF_003431325.1	1577684	Candidatus Nanopusillus acidilobi	strain=7A	Candidatus Nanopusillus acidilobi	Candidatus Nanopusillus	Nanopusillaceae	Nanoarchaeales		Nanoarchaeota	Archaea
GCF_003052125.1_ASM305212v1_genomic.gbff	GCF_003052125.1	39152	Methanococcus maripaludis	strain=OS7mut1	Methanococcus maripaludis	Methanococcus	Methanococcaceae	Methanococcales	Methanococci	Euryarchaeota	Archaea
GCF_003342675.1_ASM334267v1_genomic.gbff	GCF_003342675.1	1547898	Haloplanus rubicundus	strain=CBA1112	Haloplanus rubicundus	Haloplanus	Haloferacaceae	Haloferacales	Halobacteria	Euryarchaeota	Archaea
GCF_900696045.1_Nitrosocosmicus_franklandus_C13_genomic.gbff	GCF_900696045.1	1798806	Candidatus Nitrosocosmicus franklandus		Candidatus Nitrosocosmicus franklandus	Candidatus Nitrosocosmicus	Nitrososphaeraceae	Nitrososphaerales	Nitrososphaeria	Thaumarchaeota	Archaea
GCF_013407385.1_ASM1340738v1_genomic.gbff	GCF_013407385.1	2259673	Nitrosarchaeum sp. AC2	strain=AC2	Nitrosarchaeum sp. AC2	Nitrosarchaeum	Nitrosopumilaceae	Nitrosopumilales		Thaumarchaeota	Archaea
GCF_013415885.1_ASM1341588v1_genomic.gbff	GCF_013415885.1	869889	Halosimplex rubrum	strain=R27	Halosimplex rubrum	Halosimplex	Haloarculaceae	Halobacteriales	Halobacteria	Euryarchaeota	Archaea
GCF_016906025.1_ASM1690602v1_genomic.gbff	GCF_016906025.1	2675099	Haloterrigena salifodinae	strain=BOL5-1	Haloterrigena salifodinae	Haloterrigena	Natrialbaceae	Natrialbales	Halobacteria	Euryarchaeota	Archaea
GCF_004126515.1_ASM412651v1_genomic.gbff	GCF_004126515.1	337243	Halorubrum ezzemoulense	strain=Fb21	Halorubrum ezzemoulense	Halorubrum	Halorubraceae	Haloferacales	Halobacteria	Euryarchaeota	Archaea
GCF_004114375.1_ASM411437v1_genomic.gbff	GCF_004114375.1	2497325	Halorubrum sp. BOL3-1	strain=BOL3-1	Halorubrum sp. BOL3-1	Halorubrum	Halorubraceae	Haloferacales	Halobacteria	Euryarchaeota	Archaea
GCF_007833275.1_ASM783327v1_genomic.gbff	GCF_007833275.1	2599399	Salarchaeum sp. JOR-1	strain=JOR-1	Salarchaeum sp. JOR-1	Salarchaeum	Halobacteriaceae	Halobacteriales	Halobacteria	Euryarchaeota	Archaea
GCF_013267195.1_ASM1326719v1_genomic.gbff	GCF_013267195.1	2739057	Halorubrum sp. RHB-C	strain=RHB-C	Halorubrum sp. RHB-C	Halorubrum	Halorubraceae	Haloferacales	Halobacteria	Euryarchaeota	Archaea
GCF_005222525.1_ASM522252v1_genomic.gbff	GCF_005222525.1	47304	Metallosphaera prunae	strain=Ron 12/II	Metallosphaera prunae	Metallosphaera	Sulfolobaceae	Sulfolobales	Thermoprotei	Crenarchaeota	Archaea
GCF_006740685.1_ASM674068v1_genomic.gbff	GCF_006740685.1	2508726	Candidatus Nitrosopumilus sp. SW	strain=SW	Candidatus Nitrosopumilus sp. SW	Nitrosopumilus	Nitrosopumilaceae	Nitrosopumilales		Thaumarchaeota	Archaea
GCF_008033705.1_ASM803370v1_genomic.gbff	GCF_008033705.1	2603820	Methanothermobacter sp. KEPCO-1	strain=KEPCO-1	Methanothermobacter sp. KEPCO-1	Methanothermobacter	Methanobacteriaceae	Methanobacteriales	Methanobacteria	Euryarchaeota	Archaea
GCF_008245085.1_ASM824508v1_genomic.gbff	GCF_008245085.1	2261	Pyrococcus furiosus DSM 3638	strain=DSM 3638	Pyrococcus furiosus	Pyrococcus	Thermococcaceae	Thermococcales	Thermococci	Euryarchaeota	Archaea
GCF_008000775.1_ASM800077v1_genomic.gbff	GCF_008000775.1	2594042	Candidatus Prometheoarchaeum syntrophicum	strain=MK-D1	Candidatus Prometheoarchaeum syntrophicum	Candidatus Prometheoarchaeum				Candidatus Lokiarchaeota	Archaea
GCF_008152015.1_ASM815201v1_genomic.gbff	GCF_008152015.1	2598455	Thermococcus sp. SY113	strain=SY113	Thermococcus sp. SY113	Thermococcus	Thermococcaceae	Thermococcales	Thermococci	Euryarchaeota	Archaea
GCF_000006175.1_ASM617v2_genomic.gbff	GCF_000006175.1	2188	Methanococcus voltae A3	strain=A3	Methanococcus voltae	Methanococcus	Methanococcaceae	Methanococcales	Methanococci	Euryarchaeota	Archaea
GCF_001477655.1_ASM147765v1_genomic.gbff	GCF_001477655.1	230361	Methanobrevibacter millerae	strain=SM9	Methanobrevibacter millerae	Methanobrevibacter	Methanobacteriaceae	Methanobacteriales	Methanobacteria	Euryarchaeota	Archaea
GCF_001488575.1_Halobacterium_hubeiense_JI20-1_genomic.gbff	GCF_001488575.1	1407499	Halobacterium hubeiense	strain=JI20-1	Halobacterium hubeiense	Halobacterium	Halobacteriaceae	Halobacteriales	Halobacteria	Euryarchaeota	Archaea
GCF_009217585.1_ASM921758v1_genomic.gbff	GCF_009217585.1	2790029	Halomicrobium sp. ZPS1	strain=ZPS1	Halomicrobium sp. ZPS1	Halomicrobium	Haloarculaceae	Halobacteriales	Halobacteria	Euryarchaeota	Archaea
GCF_009392895.1_ASM939289v1_genomic.gbff	GCF_009392895.1	348826	Natronorubrum aibiense	strain=7-3	Natronorubrum aibiense	Natronorubrum	Natrialbaceae	Natrialbales	Halobacteria	Euryarchaeota	Archaea
GCF_009602405.1_ASM960240v1_genomic.gbff	GCF_009602405.1	2663020	Sulfolobus sp. E11-6	strain=E11-6	Sulfolobus sp. E11-6	Sulfolobus	Sulfolobaceae	Sulfolobales	Thermoprotei	Crenarchaeota	Archaea
GCF_009617995.1_ASM961799v1_genomic.gbff	GCF_009617995.1	2610902	Halomicrobium sp. LC1Hm	strain=LC1Hm	Halomicrobium sp. LC1Hm	Halomicrobium	Haloarculaceae	Halobacteriales	Halobacteria	Euryarchaeota	Archaea
GCF_009690625.1_ASM969062v1_genomic.gbff	GCF_009690625.1	1380432	Halorhabdus sp. CBA1104	strain=CBA1104	Halorhabdus sp. CBA1104	Halorhabdus	Haloarculaceae	Halobacteriales	Halobacteria	Euryarchaeota	Archaea
GCF_009917665.1_ASM991766v1_genomic.gbff	GCF_009917665.1	2606912	Methanothermobacter sp. THM-2		Methanothermobacter sp. THM-2	Methanothermobacter	Methanobacteriaceae	Methanobacteriales	Methanobacteria	Euryarchaeota	Archaea
GCF_010692885.1_ASM1069288v1_genomic.gbff	GCF_010692885.1	60847	Halogeometricum borinquense	strain=wsp4	Halogeometricum borinquense	Halogeometricum	Haloferacaceae	Haloferacales	Halobacteria	Euryarchaeota	Archaea
GCF_011765365.1_ASM1176536v1_genomic.gbff	GCF_011765365.1	60847	Halogeometricum borinquense	strain=wsp3	Halogeometricum borinquense	Halogeometricum	Haloferacaceae	Haloferacales	Halobacteria	Euryarchaeota	Archaea
GCF_013340765.1_NAS2_1.0_genomic.gbff	GCF_013340765.1	1874277	Conexivisphaera calida	strain=NAS-02	Conexivisphaera calida	Conexivisphaera	Conexivisphaeraceae	Conexivisphaerales	Conexivisphaeria	Thaumarchaeota	Archaea
GCF_013391105.1_ASM1339110v1_genomic.gbff	GCF_013391105.1	1710540	Natronomonas salina	strain=YPL13	Natronomonas salina	Natronomonas	Haloarculaceae	Halobacteriales	Halobacteria	Euryarchaeota	Archaea
GCF_013402815.1_ASM1340281v1_genomic.gbff	GCF_013402815.1	1699371	Haloterrigena sp. YPL8	strain=YPL8	Haloterrigena sp. YPL8	Haloterrigena	Natrialbaceae	Natrialbales	Halobacteria	Euryarchaeota	Archaea
GCF_013407145.1_ASM1340714v1_genomic.gbff	GCF_013407145.1	1470066	Nitrosopumilus cobalaminigenes	strain=HCA1	Nitrosopumilus cobalaminigenes	Nitrosopumilus	Nitrosopumilaceae	Nitrosopumilales		Thaumarchaeota	Archaea
GCF_014962245.1_ASM1496224v1_genomic.gbff	GCF_014962245.1	54254	Thermosphaera aggregans	strain=3507	Thermosphaera aggregans	Thermosphaera	Desulfurococcaceae	Desulfurococcales	Thermoprotei	Crenarchaeota	Archaea
GCF_016917835.1_ASM1691783v1_genomic.gbff	GCF_016917835.1	2810537	Halobacterium sp. BOL4-2	strain=BOL4-2	Halobacterium sp. BOL4-2	Halobacterium	Halobacteriaceae	Halobacteriales	Halobacteria	Euryarchaeota	Archaea
GCF_016917855.1_ASM1691785v1_genomic.gbff	GCF_016917855.1	2812551	Halobacterium sp. GSL-19	strain=GSL-19	Halobacterium sp. GSL-19	Halobacterium	Halobacteriaceae	Halobacteriales	Halobacteria	Euryarchaeota	Archaea
GCF_017352095.1_ASM1735209v1_genomic.gbff	GCF_017352095.1	370324	Haloterrigena longa	strain=ABH32	Haloterrigena longa	Haloterrigena	Natrialbaceae	Natrialbales	Halobacteria	Euryarchaeota	Archaea
GCF_017357405.1_ASM1735740v1_genomic.gbff	GCF_017357405.1	2817025	Halovivax sp. KZCA124	strain=KZCA124	Halovivax sp. KZCA124	Halovivax	Natrialbaceae	Natrialbales	Halobacteria	Euryarchaeota	Archaea
GCF_900012635.1_Pyrococcus_chitonophagus_genome_sequence_genomic.gbff	GCF_900012635.1	54262	Thermococcus chitonophagus		Thermococcus chitonophagus	Thermococcus	Thermococcaceae	Thermococcales	Thermococci	Euryarchaeota	Archaea
GCF_900248165.1_Nitrosocaldus_cavascurensis_SCU2_chromosome_genomic.gbff	GCF_900248165.1	2058097	Candidatus Nitrosocaldus cavascurensis	strain=SCU2	Candidatus Nitrosocaldus cavascurensis	Candidatus Nitrosocaldus	Candidatus Nitrosocaldaceae	Candidatus Nitrosocaldales	Nitrososphaeria	Thaumarchaeota	Archaea
